,Week,FRM30YR
0,1971-04-02 00:00:00,7.33
1,1971-04-09 00:00:00,7.31
2,1971-04-16 00:00:00,7.31
3,1971-04-23 00:00:00,7.31
4,1971-04-30 00:00:00,7.29
5,1971-05-07 00:00:00,7.38
6,1971-05-14 00:00:00,7.42
7,1971-05-21 00:00:00,7.44
8,1971-05-28 00:00:00,7.46
9,1971-06-04 00:00:00,7.52
10,1971-06-11 00:00:00,7.52
11,1971-06-18 00:00:00,7.54
12,1971-06-25 00:00:00,7.54
13,1971-07-02 00:00:00,7.54
14,1971-07-09 00:00:00,7.54
15,1971-07-16 00:00:00,7.6
16,1971-07-23 00:00:00,7.65
17,1971-07-30 00:00:00,7.69
18,1971-08-06 00:00:00,7.66
19,1971-08-13 00:00:00,7.73
20,1971-08-20 00:00:00,7.71
21,1971-08-27 00:00:00,7.69
22,1971-09-03 00:00:00,7.71
23,1971-09-10 00:00:00,7.67
24,1971-09-17 00:00:00,7.7
25,1971-09-24 00:00:00,7.67
26,1971-10-01 00:00:00,7.67
27,1971-10-08 00:00:00,7.63
28,1971-10-15 00:00:00,7.63
29,1971-10-22 00:00:00,7.58
30,1971-10-29 00:00:00,7.63
31,1971-11-05 00:00:00,7.59
32,1971-11-12 00:00:00,7.56
33,1971-11-19 00:00:00,7.54
34,1971-11-26 00:00:00,7.51
35,1971-12-03 00:00:00,7.49
36,1971-12-10 00:00:00,7.47
37,1971-12-17 00:00:00,7.48
38,1971-12-24 00:00:00,7.48
39,1971-12-31 00:00:00,7.48
40,1972-01-07 00:00:00,7.46
41,1972-01-14 00:00:00,7.46
42,1972-01-21 00:00:00,7.43
43,1972-01-28 00:00:00,7.4
44,1972-02-04 00:00:00,7.35
45,1972-02-11 00:00:00,7.33
46,1972-02-18 00:00:00,7.31
47,1972-02-25 00:00:00,7.31
48,1972-03-03 00:00:00,7.32
49,1972-03-10 00:00:00,7.32
50,1972-03-17 00:00:00,7.31
51,1972-03-24 00:00:00,7.31
52,1972-03-31 00:00:00,7.23
53,1972-04-07 00:00:00,7.25
54,1972-04-14 00:00:00,7.29
55,1972-04-21 00:00:00,7.29
56,1972-04-28 00:00:00,7.33
57,1972-05-05 00:00:00,7.33
58,1972-05-12 00:00:00,7.38
59,1972-05-19 00:00:00,7.38
60,1972-05-26 00:00:00,7.4
61,1972-06-02 00:00:00,7.36
62,1972-06-09 00:00:00,7.38
63,1972-06-16 00:00:00,7.38
64,1972-06-23 00:00:00,7.36
65,1972-06-30 00:00:00,7.38
66,1972-07-07 00:00:00,7.38
67,1972-07-14 00:00:00,7.4
68,1972-07-21 00:00:00,7.4
69,1972-07-28 00:00:00,7.4
70,1972-08-04 00:00:00,7.35
71,1972-08-11 00:00:00,7.41
72,1972-08-18 00:00:00,7.42
73,1972-08-25 00:00:00,7.42
74,1972-09-01 00:00:00,7.42
75,1972-09-08 00:00:00,7.42
76,1972-09-15 00:00:00,7.42
77,1972-09-22 00:00:00,7.41
78,1972-09-29 00:00:00,7.43
79,1972-10-06 00:00:00,7.41
80,1972-10-13 00:00:00,7.41
81,1972-10-20 00:00:00,7.44
82,1972-10-27 00:00:00,7.42
83,1972-11-03 00:00:00,7.43
84,1972-11-10 00:00:00,7.42
85,1972-11-17 00:00:00,7.42
86,1972-11-24 00:00:00,7.44
87,1972-12-01 00:00:00,7.45
88,1972-12-08 00:00:00,7.43
89,1972-12-15 00:00:00,7.43
90,1972-12-22 00:00:00,7.45
91,1972-12-29 00:00:00,7.45
92,1973-01-05 00:00:00,7.44
93,1973-01-12 00:00:00,7.44
94,1973-01-19 00:00:00,7.44
95,1973-01-26 00:00:00,7.43
96,1973-02-02 00:00:00,7.43
97,1973-02-09 00:00:00,7.43
98,1973-02-16 00:00:00,7.45
99,1973-02-23 00:00:00,7.45
100,1973-03-02 00:00:00,7.45
101,1973-03-09 00:00:00,7.45
102,1973-03-16 00:00:00,7.45
103,1973-03-23 00:00:00,7.45
104,1973-03-30 00:00:00,7.49
105,1973-04-06 00:00:00,7.51
106,1973-04-13 00:00:00,7.54
107,1973-04-20 00:00:00,7.56
108,1973-04-27 00:00:00,7.56
109,1973-05-04 00:00:00,7.58
110,1973-05-11 00:00:00,7.64
111,1973-05-18 00:00:00,7.69
112,1973-05-24 00:00:00,7.7
113,1973-06-01 00:00:00,7.7
114,1973-06-08 00:00:00,7.73
115,1973-06-15 00:00:00,7.73
116,1973-06-22 00:00:00,7.75
117,1973-06-29 00:00:00,7.76
118,1973-07-06 00:00:00,7.89
119,1973-07-13 00:00:00,8.01
120,1973-07-20 00:00:00,8.12
121,1973-07-27 00:00:00,8.18
122,1973-08-03 00:00:00,8.26
123,1973-08-10 00:00:00,8.4
124,1973-08-17 00:00:00,8.55
125,1973-08-24 00:00:00,8.61
126,1973-08-31 00:00:00,8.66
127,1973-09-07 00:00:00,8.77
128,1973-09-14 00:00:00,8.81
129,1973-09-21 00:00:00,8.83
130,1973-09-28 00:00:00,8.85
131,1973-10-05 00:00:00,8.82
132,1973-10-12 00:00:00,8.83
133,1973-10-19 00:00:00,8.75
134,1973-10-26 00:00:00,8.68
135,1973-11-02 00:00:00,8.62
136,1973-11-09 00:00:00,8.59
137,1973-11-16 00:00:00,8.58
138,1973-11-23 00:00:00,8.57
139,1973-11-30 00:00:00,8.55
140,1973-12-07 00:00:00,8.53
141,1973-12-14 00:00:00,8.53
142,1973-12-21 00:00:00,8.53
143,1973-12-28 00:00:00,8.56
144,1974-01-04 00:00:00,8.56
145,1974-01-11 00:00:00,8.53
146,1974-01-18 00:00:00,8.55
147,1974-01-25 00:00:00,8.52
148,1974-02-01 00:00:00,8.48
149,1974-02-08 00:00:00,8.46
150,1974-02-15 00:00:00,8.46
151,1974-02-22 00:00:00,8.42
152,1974-03-01 00:00:00,8.41
153,1974-03-08 00:00:00,8.41
154,1974-03-15 00:00:00,8.4
155,1974-03-22 00:00:00,8.4
156,1974-03-29 00:00:00,8.41
157,1974-04-05 00:00:00,8.44
158,1974-04-12 00:00:00,8.53
159,1974-04-19 00:00:00,8.63
160,1974-04-26 00:00:00,8.73
161,1974-05-03 00:00:00,8.87
162,1974-05-10 00:00:00,8.98
163,1974-05-17 00:00:00,8.97
164,1974-05-24 00:00:00,9.01
165,1974-05-31 00:00:00,9.03
166,1974-06-07 00:00:00,9.06
167,1974-06-14 00:00:00,9.11
168,1974-06-21 00:00:00,9.07
169,1974-06-28 00:00:00,9.1
170,1974-07-05 00:00:00,9.14
171,1974-07-12 00:00:00,9.19
172,1974-07-19 00:00:00,9.37
173,1974-07-26 00:00:00,9.42
174,1974-08-02 00:00:00,9.47
175,1974-08-09 00:00:00,9.5
176,1974-08-16 00:00:00,9.6
177,1974-08-23 00:00:00,9.62
178,1974-08-30 00:00:00,9.74
179,1974-09-06 00:00:00,9.88
180,1974-09-13 00:00:00,9.92
181,1974-09-20 00:00:00,10.0
182,1974-09-27 00:00:00,10.03
183,1974-10-04 00:00:00,10.02
184,1974-10-11 00:00:00,9.96
185,1974-10-18 00:00:00,9.99
186,1974-10-25 00:00:00,9.94
187,1974-11-01 00:00:00,9.87
188,1974-11-08 00:00:00,9.81
189,1974-11-15 00:00:00,9.81
190,1974-11-22 00:00:00,9.73
191,1974-11-29 00:00:00,9.72
192,1974-12-06 00:00:00,9.69
193,1974-12-13 00:00:00,9.63
194,1974-12-20 00:00:00,9.58
195,1974-12-27 00:00:00,9.56
196,1975-01-03 00:00:00,9.6
197,1975-01-10 00:00:00,9.49
198,1975-01-17 00:00:00,9.43
199,1975-01-24 00:00:00,9.35
200,1975-01-31 00:00:00,9.29
201,1975-02-07 00:00:00,9.2
202,1975-02-14 00:00:00,9.13
203,1975-02-21 00:00:00,9.07
204,1975-02-28 00:00:00,9.02
205,1975-03-07 00:00:00,9.0
206,1975-03-14 00:00:00,8.89
207,1975-03-21 00:00:00,8.86
208,1975-03-28 00:00:00,8.86
209,1975-04-04 00:00:00,8.83
210,1975-04-11 00:00:00,8.81
211,1975-04-18 00:00:00,8.8
212,1975-04-25 00:00:00,8.84
213,1975-05-02 00:00:00,8.92
214,1975-05-09 00:00:00,8.88
215,1975-05-16 00:00:00,8.92
216,1975-05-23 00:00:00,8.92
217,1975-05-30 00:00:00,8.89
218,1975-06-06 00:00:00,8.89
219,1975-06-13 00:00:00,8.9
220,1975-06-20 00:00:00,8.88
221,1975-06-27 00:00:00,8.9
222,1975-07-03 00:00:00,8.88
223,1975-07-11 00:00:00,8.9
224,1975-07-18 00:00:00,8.89
225,1975-07-25 00:00:00,8.89
226,1975-08-01 00:00:00,8.89
227,1975-08-08 00:00:00,8.89
228,1975-08-15 00:00:00,8.93
229,1975-08-22 00:00:00,8.98
230,1975-08-29 00:00:00,9.02
231,1975-09-05 00:00:00,9.08
232,1975-09-12 00:00:00,9.16
233,1975-09-19 00:00:00,9.14
234,1975-09-26 00:00:00,9.14
235,1975-10-03 00:00:00,9.2
236,1975-10-10 00:00:00,9.21
237,1975-10-17 00:00:00,9.21
238,1975-10-24 00:00:00,9.26
239,1975-10-31 00:00:00,9.24
240,1975-11-07 00:00:00,9.19
241,1975-11-14 00:00:00,9.16
242,1975-11-21 00:00:00,9.12
243,1975-11-28 00:00:00,9.11
244,1975-12-05 00:00:00,9.11
245,1975-12-12 00:00:00,9.11
246,1975-12-19 00:00:00,9.08
247,1975-12-26 00:00:00,9.09
248,1976-01-02 00:00:00,9.1
249,1976-01-09 00:00:00,9.07
250,1976-01-16 00:00:00,9.01
251,1976-01-23 00:00:00,9.0
252,1976-01-30 00:00:00,8.9
253,1976-02-06 00:00:00,8.86
254,1976-02-13 00:00:00,8.83
255,1976-02-20 00:00:00,8.81
256,1976-02-27 00:00:00,8.75
257,1976-03-05 00:00:00,8.77
258,1976-03-12 00:00:00,8.75
259,1976-03-19 00:00:00,8.75
260,1976-03-26 00:00:00,8.75
261,1976-04-02 00:00:00,8.7
262,1976-04-09 00:00:00,8.7
263,1976-04-16 00:00:00,8.75
264,1976-04-23 00:00:00,8.75
265,1976-04-30 00:00:00,8.75
266,1976-05-07 00:00:00,8.75
267,1976-05-14 00:00:00,8.75
268,1976-05-21 00:00:00,8.78
269,1976-05-28 00:00:00,8.78
270,1976-06-04 00:00:00,8.78
271,1976-06-11 00:00:00,8.83
272,1976-06-18 00:00:00,8.88
273,1976-06-25 00:00:00,8.9
274,1976-07-02 00:00:00,8.93
275,1976-07-09 00:00:00,8.93
276,1976-07-16 00:00:00,8.93
277,1976-07-23 00:00:00,8.9
278,1976-07-30 00:00:00,8.98
279,1976-08-06 00:00:00,9.0
280,1976-08-13 00:00:00,9.0
281,1976-08-20 00:00:00,9.0
282,1976-08-27 00:00:00,9.0
283,1976-09-03 00:00:00,9.0
284,1976-09-10 00:00:00,8.97
285,1976-09-17 00:00:00,8.97
286,1976-09-24 00:00:00,8.97
287,1976-10-01 00:00:00,8.9
288,1976-10-08 00:00:00,8.95
289,1976-10-15 00:00:00,8.95
290,1976-10-22 00:00:00,8.95
291,1976-10-29 00:00:00,8.9
292,1976-11-05 00:00:00,8.85
293,1976-11-12 00:00:00,8.8
294,1976-11-19 00:00:00,8.8
295,1976-11-26 00:00:00,8.8
296,1976-12-03 00:00:00,8.8
297,1976-12-10 00:00:00,8.8
298,1976-12-17 00:00:00,8.8
299,1976-12-24 00:00:00,8.78
300,1976-12-31 00:00:00,8.78
301,1977-01-07 00:00:00,8.7
302,1977-01-14 00:00:00,8.73
303,1977-01-21 00:00:00,8.73
304,1977-01-28 00:00:00,8.73
305,1977-02-04 00:00:00,8.68
306,1977-02-11 00:00:00,8.7
307,1977-02-18 00:00:00,8.65
308,1977-02-25 00:00:00,8.65
309,1977-03-04 00:00:00,8.65
310,1977-03-11 00:00:00,8.7
311,1977-03-18 00:00:00,8.7
312,1977-03-25 00:00:00,8.7
313,1977-04-01 00:00:00,8.7
314,1977-04-08 00:00:00,8.75
315,1977-04-15 00:00:00,8.75
316,1977-04-22 00:00:00,8.78
317,1977-04-29 00:00:00,8.78
318,1977-05-06 00:00:00,8.78
319,1977-05-13 00:00:00,8.83
320,1977-05-20 00:00:00,8.85
321,1977-05-27 00:00:00,8.85
322,1977-06-03 00:00:00,8.85
323,1977-06-10 00:00:00,8.85
324,1977-06-17 00:00:00,8.85
325,1977-06-24 00:00:00,8.88
326,1977-07-01 00:00:00,8.95
327,1977-07-08 00:00:00,8.93
328,1977-07-15 00:00:00,8.95
329,1977-07-22 00:00:00,8.95
330,1977-07-29 00:00:00,8.93
331,1977-08-05 00:00:00,8.95
332,1977-08-12 00:00:00,8.95
333,1977-08-19 00:00:00,8.93
334,1977-08-26 00:00:00,8.93
335,1977-09-02 00:00:00,8.88
336,1977-09-09 00:00:00,8.9
337,1977-09-16 00:00:00,8.9
338,1977-09-23 00:00:00,8.9
339,1977-09-30 00:00:00,8.9
340,1977-10-07 00:00:00,8.93
341,1977-10-14 00:00:00,8.93
342,1977-10-21 00:00:00,8.93
343,1977-10-28 00:00:00,8.9
344,1977-11-04 00:00:00,8.9
345,1977-11-11 00:00:00,8.93
346,1977-11-18 00:00:00,8.93
347,1977-11-25 00:00:00,8.93
348,1977-12-02 00:00:00,8.95
349,1977-12-09 00:00:00,8.95
350,1977-12-16 00:00:00,8.95
351,1977-12-23 00:00:00,8.95
352,1977-12-30 00:00:00,9.0
353,1978-01-06 00:00:00,9.0
354,1978-01-13 00:00:00,9.03
355,1978-01-20 00:00:00,8.98
356,1978-01-27 00:00:00,9.05
357,1978-02-03 00:00:00,9.13
358,1978-02-10 00:00:00,9.15
359,1978-02-17 00:00:00,9.15
360,1978-02-24 00:00:00,9.15
361,1978-03-03 00:00:00,9.15
362,1978-03-10 00:00:00,9.15
363,1978-03-17 00:00:00,9.23
364,1978-03-24 00:00:00,9.23
365,1978-03-31 00:00:00,9.25
366,1978-04-07 00:00:00,9.28
367,1978-04-14 00:00:00,9.33
368,1978-04-21 00:00:00,9.38
369,1978-04-28 00:00:00,9.43
370,1978-05-05 00:00:00,9.48
371,1978-05-12 00:00:00,9.55
372,1978-05-19 00:00:00,9.58
373,1978-05-26 00:00:00,9.68
374,1978-06-02 00:00:00,9.68
375,1978-06-09 00:00:00,9.7
376,1978-06-16 00:00:00,9.73
377,1978-06-23 00:00:00,9.7
378,1978-06-30 00:00:00,9.73
379,1978-07-07 00:00:00,9.73
380,1978-07-14 00:00:00,9.73
381,1978-07-21 00:00:00,9.75
382,1978-07-28 00:00:00,9.75
383,1978-08-04 00:00:00,9.78
384,1978-08-11 00:00:00,9.78
385,1978-08-18 00:00:00,9.78
386,1978-08-25 00:00:00,9.8
387,1978-09-01 00:00:00,9.75
388,1978-09-08 00:00:00,9.75
389,1978-09-15 00:00:00,9.75
390,1978-09-22 00:00:00,9.75
391,1978-09-29 00:00:00,9.78
392,1978-10-06 00:00:00,9.85
393,1978-10-13 00:00:00,9.85
394,1978-10-20 00:00:00,9.85
395,1978-10-27 00:00:00,9.88
396,1978-11-03 00:00:00,9.9
397,1978-11-10 00:00:00,10.05
398,1978-11-17 00:00:00,10.2
399,1978-11-24 00:00:00,10.28
400,1978-12-01 00:00:00,10.3
401,1978-12-08 00:00:00,10.35
402,1978-12-15 00:00:00,10.35
403,1978-12-22 00:00:00,10.35
404,1978-12-29 00:00:00,10.38
405,1979-01-05 00:00:00,10.38
406,1979-01-12 00:00:00,10.38
407,1979-01-19 00:00:00,10.4
408,1979-01-26 00:00:00,10.4
409,1979-02-02 00:00:00,10.4
410,1979-02-09 00:00:00,10.43
411,1979-02-16 00:00:00,10.4
412,1979-02-23 00:00:00,10.4
413,1979-03-02 00:00:00,10.43
414,1979-03-09 00:00:00,10.4
415,1979-03-16 00:00:00,10.4
416,1979-03-23 00:00:00,10.45
417,1979-03-30 00:00:00,10.45
418,1979-04-06 00:00:00,10.48
419,1979-04-13 00:00:00,10.48
420,1979-04-20 00:00:00,10.5
421,1979-04-27 00:00:00,10.53
422,1979-05-04 00:00:00,10.6
423,1979-05-11 00:00:00,10.68
424,1979-05-18 00:00:00,10.73
425,1979-05-25 00:00:00,10.75
426,1979-06-01 00:00:00,10.9
427,1979-06-08 00:00:00,11.03
428,1979-06-15 00:00:00,11.05
429,1979-06-22 00:00:00,11.1
430,1979-06-29 00:00:00,11.1
431,1979-07-06 00:00:00,11.13
432,1979-07-13 00:00:00,11.08
433,1979-07-20 00:00:00,11.08
434,1979-07-27 00:00:00,11.08
435,1979-08-03 00:00:00,11.08
436,1979-08-10 00:00:00,11.08
437,1979-08-17 00:00:00,11.08
438,1979-08-24 00:00:00,11.1
439,1979-08-31 00:00:00,11.13
440,1979-09-07 00:00:00,11.2
441,1979-09-14 00:00:00,11.3
442,1979-09-21 00:00:00,11.35
443,1979-09-28 00:00:00,11.35
444,1979-10-05 00:00:00,11.35
445,1979-10-12 00:00:00,11.45
446,1979-10-19 00:00:00,11.75
447,1979-10-26 00:00:00,12.0
448,1979-11-02 00:00:00,12.8
449,1979-11-09 00:00:00,12.85
450,1979-11-16 00:00:00,12.8
451,1979-11-23 00:00:00,12.8
452,1979-11-30 00:00:00,12.9
453,1979-12-07 00:00:00,12.9
454,1979-12-14 00:00:00,12.9
455,1979-12-21 00:00:00,12.9
456,1979-12-28 00:00:00,12.9
457,1980-01-04 00:00:00,12.85
458,1980-01-11 00:00:00,12.9
459,1980-01-18 00:00:00,12.87
460,1980-01-25 00:00:00,12.89
461,1980-02-01 00:00:00,12.85
462,1980-02-08 00:00:00,12.85
463,1980-02-15 00:00:00,12.875
464,1980-02-22 00:00:00,13.025
465,1980-02-29 00:00:00,13.59
466,1980-03-07 00:00:00,14.0
467,1980-03-14 00:00:00,15.4
468,1980-03-21 00:00:00,15.7
469,1980-03-28 00:00:00,16.025
470,1980-04-04 00:00:00,16.35
471,1980-04-11 00:00:00,16.35
472,1980-04-18 00:00:00,16.35
473,1980-04-25 00:00:00,16.25
474,1980-05-02 00:00:00,15.9
475,1980-05-09 00:00:00,14.675
476,1980-05-16 00:00:00,14.15
477,1980-05-23 00:00:00,13.375
478,1980-05-30 00:00:00,13.2
479,1980-06-06 00:00:00,13.06
480,1980-06-13 00:00:00,12.85
481,1980-06-20 00:00:00,12.575
482,1980-06-27 00:00:00,12.35
483,1980-07-04 00:00:00,12.175
484,1980-07-11 00:00:00,12.225
485,1980-07-18 00:00:00,12.175
486,1980-07-25 00:00:00,12.175
487,1980-08-01 00:00:00,12.25
488,1980-08-08 00:00:00,12.25
489,1980-08-15 00:00:00,12.55
490,1980-08-22 00:00:00,12.8
491,1980-08-29 00:00:00,12.95
492,1980-09-05 00:00:00,13.025
493,1980-09-12 00:00:00,13.075
494,1980-09-19 00:00:00,13.25
495,1980-09-26 00:00:00,13.425
496,1980-10-03 00:00:00,13.6
497,1980-10-10 00:00:00,13.725
498,1980-10-17 00:00:00,13.775
499,1980-10-24 00:00:00,13.85
500,1980-10-31 00:00:00,14.0
501,1980-11-07 00:00:00,14.075
502,1980-11-14 00:00:00,14.175
503,1980-11-21 00:00:00,14.275
504,1980-11-28 00:00:00,14.275
505,1980-12-05 00:00:00,14.425
506,1980-12-12 00:00:00,14.825
507,1980-12-19 00:00:00,14.95
508,1980-12-26 00:00:00,14.95
509,1981-01-02 00:00:00,14.95
510,1981-01-09 00:00:00,14.8
511,1981-01-16 00:00:00,14.85
512,1981-01-23 00:00:00,14.85
513,1981-01-30 00:00:00,15.07
514,1981-02-06 00:00:00,15.0
515,1981-02-13 00:00:00,15.03
516,1981-02-20 00:00:00,15.2
517,1981-02-27 00:00:00,15.3
518,1981-03-06 00:00:00,15.4
519,1981-03-13 00:00:00,15.4
520,1981-03-20 00:00:00,15.4
521,1981-03-27 00:00:00,15.4
522,1981-04-03 00:00:00,15.4
523,1981-04-10 00:00:00,15.5
524,1981-04-17 00:00:00,15.65
525,1981-04-24 00:00:00,15.77
526,1981-05-01 00:00:00,15.82
527,1981-05-08 00:00:00,16.12
528,1981-05-15 00:00:00,16.64
529,1981-05-22 00:00:00,16.63
530,1981-05-29 00:00:00,16.8
531,1981-06-05 00:00:00,16.76
532,1981-06-12 00:00:00,16.69
533,1981-06-19 00:00:00,16.71
534,1981-06-26 00:00:00,16.62
535,1981-07-03 00:00:00,16.64
536,1981-07-10 00:00:00,16.79
537,1981-07-17 00:00:00,16.74
538,1981-07-24 00:00:00,16.88
539,1981-07-31 00:00:00,17.11
540,1981-08-07 00:00:00,17.13
541,1981-08-14 00:00:00,17.27
542,1981-08-21 00:00:00,17.26
543,1981-08-28 00:00:00,17.48
544,1981-09-04 00:00:00,17.79
545,1981-09-11 00:00:00,18.22
546,1981-09-18 00:00:00,18.27
547,1981-09-25 00:00:00,18.36
548,1981-10-02 00:00:00,18.28
549,1981-10-09 00:00:00,18.63
550,1981-10-16 00:00:00,18.53
551,1981-10-21 00:00:00,18.39
552,1981-10-30 00:00:00,18.44
553,1981-11-06 00:00:00,18.37
554,1981-11-13 00:00:00,18.02
555,1981-11-20 00:00:00,17.7
556,1981-11-27 00:00:00,17.21
557,1981-12-04 00:00:00,16.9
558,1981-12-11 00:00:00,16.94
559,1981-12-18 00:00:00,16.9
560,1981-12-25 00:00:00,16.95
561,1981-12-31 00:00:00,17.04
562,1982-01-08 00:00:00,17.3
563,1982-01-15 00:00:00,17.44
564,1982-01-22 00:00:00,17.61
565,1982-01-29 00:00:00,17.59
566,1982-02-05 00:00:00,17.56
567,1982-02-12 00:00:00,17.65
568,1982-02-19 00:00:00,17.66
569,1982-02-26 00:00:00,17.52
570,1982-03-05 00:00:00,17.29
571,1982-03-12 00:00:00,17.19
572,1982-03-19 00:00:00,17.12
573,1982-03-26 00:00:00,17.04
574,1982-04-02 00:00:00,16.95
575,1982-04-09 00:00:00,16.91
576,1982-04-16 00:00:00,16.93
577,1982-04-23 00:00:00,16.86
578,1982-04-30 00:00:00,16.81
579,1982-05-07 00:00:00,16.78
580,1982-05-14 00:00:00,16.63
581,1982-05-21 00:00:00,16.67
582,1982-05-28 00:00:00,16.63
583,1982-06-04 00:00:00,16.65
584,1982-06-11 00:00:00,16.7
585,1982-06-18 00:00:00,16.71
586,1982-06-25 00:00:00,16.73
587,1982-07-02 00:00:00,16.87
588,1982-07-09 00:00:00,16.93
589,1982-07-16 00:00:00,16.88
590,1982-07-23 00:00:00,16.75
591,1982-07-30 00:00:00,16.65
592,1982-08-06 00:00:00,16.55
593,1982-08-13 00:00:00,16.44
594,1982-08-20 00:00:00,16.21
595,1982-08-27 00:00:00,15.88
596,1982-09-03 00:00:00,15.59
597,1982-09-10 00:00:00,15.56
598,1982-09-17 00:00:00,15.38
599,1982-09-24 00:00:00,15.19
600,1982-10-01 00:00:00,15.13
601,1982-10-08 00:00:00,14.96
602,1982-10-15 00:00:00,14.6
603,1982-10-22 00:00:00,14.2
604,1982-10-29 00:00:00,14.15
605,1982-11-05 00:00:00,13.91
606,1982-11-12 00:00:00,13.84
607,1982-11-19 00:00:00,13.78
608,1982-11-26 00:00:00,13.77
609,1982-12-03 00:00:00,13.66
610,1982-12-10 00:00:00,13.66
611,1982-12-17 00:00:00,13.63
612,1982-12-24 00:00:00,13.6
613,1982-12-31 00:00:00,13.57
614,1983-01-07 00:00:00,13.46
615,1983-01-14 00:00:00,13.31
616,1983-01-21 00:00:00,13.12
617,1983-01-28 00:00:00,13.1
618,1983-02-04 00:00:00,13.06
619,1983-02-11 00:00:00,13.06
620,1983-02-18 00:00:00,13.07
621,1983-02-25 00:00:00,12.98
622,1983-03-04 00:00:00,12.74
623,1983-03-11 00:00:00,12.79
624,1983-03-18 00:00:00,12.81
625,1983-03-25 00:00:00,12.86
626,1983-04-01 00:00:00,12.82
627,1983-04-08 00:00:00,12.82
628,1983-04-15 00:00:00,12.79
629,1983-04-22 00:00:00,12.75
630,1983-04-29 00:00:00,12.73
631,1983-05-06 00:00:00,12.71
632,1983-05-13 00:00:00,12.59
633,1983-05-20 00:00:00,12.55
634,1983-05-27 00:00:00,12.68
635,1983-06-03 00:00:00,12.74
636,1983-06-10 00:00:00,12.82
637,1983-06-17 00:00:00,12.96
638,1983-06-24 00:00:00,12.96
639,1983-07-01 00:00:00,13.08
640,1983-07-08 00:00:00,13.3
641,1983-07-15 00:00:00,13.5
642,1983-07-22 00:00:00,13.58
643,1983-07-29 00:00:00,13.65
644,1983-08-05 00:00:00,13.73
645,1983-08-12 00:00:00,13.84
646,1983-08-19 00:00:00,13.89
647,1983-08-26 00:00:00,13.78
648,1983-09-02 00:00:00,13.77
649,1983-09-09 00:00:00,13.77
650,1983-09-16 00:00:00,13.72
651,1983-09-23 00:00:00,13.72
652,1983-09-30 00:00:00,13.65
653,1983-10-07 00:00:00,13.59
654,1983-10-14 00:00:00,13.6
655,1983-10-21 00:00:00,13.52
656,1983-10-28 00:00:00,13.43
657,1983-11-04 00:00:00,13.42
658,1983-11-11 00:00:00,13.47
659,1983-11-18 00:00:00,13.42
660,1983-11-25 00:00:00,13.43
661,1983-12-02 00:00:00,13.41
662,1983-12-09 00:00:00,13.38
663,1983-12-16 00:00:00,13.42
664,1983-12-23 00:00:00,13.46
665,1983-12-30 00:00:00,13.43
666,1984-01-06 00:00:00,13.43
667,1984-01-13 00:00:00,13.4
668,1984-01-20 00:00:00,13.35
669,1984-01-27 00:00:00,13.29
670,1984-02-03 00:00:00,13.26
671,1984-02-10 00:00:00,13.23
672,1984-02-17 00:00:00,13.19
673,1984-02-24 00:00:00,13.25
674,1984-03-02 00:00:00,13.23
675,1984-03-09 00:00:00,13.3
676,1984-03-16 00:00:00,13.37
677,1984-03-23 00:00:00,13.48
678,1984-03-30 00:00:00,13.55
679,1984-04-06 00:00:00,13.63
680,1984-04-13 00:00:00,13.58
681,1984-04-20 00:00:00,13.67
682,1984-04-27 00:00:00,13.73
683,1984-05-04 00:00:00,13.78
684,1984-05-11 00:00:00,13.87
685,1984-05-18 00:00:00,14.04
686,1984-05-25 00:00:00,14.08
687,1984-06-01 00:00:00,14.29
688,1984-06-08 00:00:00,14.33
689,1984-06-15 00:00:00,14.47
690,1984-06-22 00:00:00,14.49
691,1984-06-29 00:00:00,14.5
692,1984-07-06 00:00:00,14.66
693,1984-07-13 00:00:00,14.68
694,1984-07-20 00:00:00,14.66
695,1984-07-27 00:00:00,14.67
696,1984-08-03 00:00:00,14.68
697,1984-08-10 00:00:00,14.54
698,1984-08-17 00:00:00,14.39
699,1984-08-24 00:00:00,14.36
700,1984-08-31 00:00:00,14.38
701,1984-09-07 00:00:00,14.42
702,1984-09-14 00:00:00,14.43
703,1984-09-21 00:00:00,14.29
704,1984-09-28 00:00:00,14.26
705,1984-10-05 00:00:00,14.18
706,1984-10-12 00:00:00,14.19
707,1984-10-19 00:00:00,14.1
708,1984-10-26 00:00:00,14.05
709,1984-11-02 00:00:00,13.85
710,1984-11-09 00:00:00,13.74
711,1984-11-16 00:00:00,13.63
712,1984-11-23 00:00:00,13.55
713,1984-11-30 00:00:00,13.42
714,1984-12-07 00:00:00,13.2
715,1984-12-14 00:00:00,13.2
716,1984-12-21 00:00:00,13.18
717,1984-12-28 00:00:00,13.14
718,1985-01-04 00:00:00,13.1
719,1985-01-11 00:00:00,13.12
720,1985-01-18 00:00:00,13.12
721,1985-01-25 00:00:00,12.96
722,1985-02-01 00:00:00,12.93
723,1985-02-08 00:00:00,12.91
724,1985-02-15 00:00:00,12.9
725,1985-02-22 00:00:00,12.94
726,1985-03-01 00:00:00,13.02
727,1985-03-08 00:00:00,13.1
728,1985-03-15 00:00:00,13.2
729,1985-03-22 00:00:00,13.24
730,1985-03-29 00:00:00,13.29
731,1985-04-05 00:00:00,13.27
732,1985-04-12 00:00:00,13.23
733,1985-04-19 00:00:00,13.16
734,1985-04-26 00:00:00,13.12
735,1985-05-03 00:00:00,13.07
736,1985-05-10 00:00:00,13.02
737,1985-05-17 00:00:00,12.94
738,1985-05-24 00:00:00,12.83
739,1985-05-31 00:00:00,12.71
740,1985-06-07 00:00:00,12.39
741,1985-06-14 00:00:00,12.27
742,1985-06-21 00:00:00,12.05
743,1985-06-28 00:00:00,12.15
744,1985-07-05 00:00:00,12.13
745,1985-07-12 00:00:00,12.03
746,1985-07-19 00:00:00,11.94
747,1985-07-26 00:00:00,12.03
748,1985-08-02 00:00:00,12.17
749,1985-08-09 00:00:00,12.23
750,1985-08-16 00:00:00,12.24
751,1985-08-23 00:00:00,12.18
752,1985-08-30 00:00:00,12.11
753,1985-09-06 00:00:00,12.15
754,1985-09-13 00:00:00,12.24
755,1985-09-20 00:00:00,12.21
756,1985-09-27 00:00:00,12.17
757,1985-10-04 00:00:00,12.17
758,1985-10-11 00:00:00,12.17
759,1985-10-18 00:00:00,12.13
760,1985-10-25 00:00:00,12.07
761,1985-11-01 00:00:00,12.01
762,1985-11-08 00:00:00,11.9
763,1985-11-15 00:00:00,11.79
764,1985-11-22 00:00:00,11.64
765,1985-11-29 00:00:00,11.58
766,1985-12-06 00:00:00,11.5
767,1985-12-13 00:00:00,11.31
768,1985-12-20 00:00:00,11.14
769,1985-12-27 00:00:00,11.09
770,1986-01-03 00:00:00,10.81
771,1986-01-10 00:00:00,10.77
772,1986-01-17 00:00:00,10.99
773,1986-01-24 00:00:00,10.97
774,1986-01-31 00:00:00,10.89
775,1986-02-07 00:00:00,10.85
776,1986-02-14 00:00:00,10.8
777,1986-02-21 00:00:00,10.68
778,1986-02-28 00:00:00,10.51
779,1986-03-07 00:00:00,10.2
780,1986-03-14 00:00:00,10.01
781,1986-03-21 00:00:00,10.01
782,1986-03-28 00:00:00,10.1
783,1986-04-04 00:00:00,9.99
784,1986-04-11 00:00:00,9.98
785,1986-04-18 00:00:00,9.92
786,1986-04-25 00:00:00,9.86
787,1986-05-02 00:00:00,9.9
788,1986-05-09 00:00:00,10.0
789,1986-05-16 00:00:00,10.08
790,1986-05-23 00:00:00,10.36
791,1986-05-30 00:00:00,10.38
792,1986-06-06 00:00:00,10.74
793,1986-06-13 00:00:00,10.76
794,1986-06-20 00:00:00,10.61
795,1986-06-27 00:00:00,10.62
796,1986-07-04 00:00:00,10.61
797,1986-07-11 00:00:00,10.59
798,1986-07-18 00:00:00,10.43
799,1986-07-25 00:00:00,10.4
800,1986-08-01 00:00:00,10.4
801,1986-08-08 00:00:00,10.4
802,1986-08-15 00:00:00,10.23
803,1986-08-22 00:00:00,10.04
804,1986-08-29 00:00:00,9.93
805,1986-09-05 00:00:00,9.9
806,1986-09-12 00:00:00,9.96
807,1986-09-19 00:00:00,10.07
808,1986-09-26 00:00:00,10.1
809,1986-10-03 00:00:00,10.08
810,1986-10-10 00:00:00,9.99
811,1986-10-17 00:00:00,9.96
812,1986-10-24 00:00:00,9.95
813,1986-10-31 00:00:00,9.89
814,1986-11-07 00:00:00,9.83
815,1986-11-14 00:00:00,9.81
816,1986-11-21 00:00:00,9.64
817,1986-11-28 00:00:00,9.5
818,1986-12-05 00:00:00,9.3
819,1986-12-12 00:00:00,9.35
820,1986-12-19 00:00:00,9.3
821,1986-12-26 00:00:00,9.29
822,1987-01-02 00:00:00,9.37
823,1987-01-09 00:00:00,9.32
824,1987-01-16 00:00:00,9.21
825,1987-01-23 00:00:00,9.04
826,1987-01-30 00:00:00,9.08
827,1987-02-06 00:00:00,9.06
828,1987-02-13 00:00:00,9.09
829,1987-02-20 00:00:00,9.11
830,1987-02-27 00:00:00,9.07
831,1987-03-06 00:00:00,9.03
832,1987-03-13 00:00:00,9.05
833,1987-03-20 00:00:00,9.03
834,1987-03-27 00:00:00,9.03
835,1987-04-03 00:00:00,9.26
836,1987-04-10 00:00:00,9.43
837,1987-04-17 00:00:00,10.27
838,1987-04-24 00:00:00,10.37
839,1987-05-01 00:00:00,10.47
840,1987-05-08 00:00:00,10.52
841,1987-05-15 00:00:00,10.48
842,1987-05-22 00:00:00,10.81
843,1987-05-29 00:00:00,10.7
844,1987-06-05 00:00:00,10.7
845,1987-06-12 00:00:00,10.66
846,1987-06-19 00:00:00,10.44
847,1987-06-26 00:00:00,10.35
848,1987-07-03 00:00:00,10.36
849,1987-07-10 00:00:00,10.3
850,1987-07-17 00:00:00,10.23
851,1987-07-24 00:00:00,10.23
852,1987-07-31 00:00:00,10.27
853,1987-08-07 00:00:00,10.35
854,1987-08-14 00:00:00,10.34
855,1987-08-21 00:00:00,10.3
856,1987-08-28 00:00:00,10.33
857,1987-09-04 00:00:00,10.63
858,1987-09-11 00:00:00,10.91
859,1987-09-18 00:00:00,10.99
860,1987-09-25 00:00:00,11.02
861,1987-10-02 00:00:00,11.18
862,1987-10-09 00:00:00,11.21
863,1987-10-16 00:00:00,11.58
864,1987-10-23 00:00:00,11.36
865,1987-10-30 00:00:00,10.97
866,1987-11-06 00:00:00,10.79
867,1987-11-13 00:00:00,10.66
868,1987-11-20 00:00:00,10.6
869,1987-11-27 00:00:00,10.55
870,1987-12-04 00:00:00,10.6
871,1987-12-11 00:00:00,10.66
872,1987-12-18 00:00:00,10.69
873,1987-12-25 00:00:00,10.64
874,1987-12-31 00:00:00,10.61
875,1988-01-08 00:00:00,10.5
876,1988-01-15 00:00:00,10.53
877,1988-01-22 00:00:00,10.34
878,1988-01-29 00:00:00,10.16
879,1988-02-05 00:00:00,9.94
880,1988-02-12 00:00:00,9.84
881,1988-02-19 00:00:00,9.92
882,1988-02-26 00:00:00,9.87
883,1988-03-04 00:00:00,9.85
884,1988-03-11 00:00:00,9.96
885,1988-03-18 00:00:00,9.92
886,1988-03-25 00:00:00,9.99
887,1988-04-01 00:00:00,10.05
888,1988-04-08 00:00:00,10.19
889,1988-04-15 00:00:00,10.19
890,1988-04-22 00:00:00,10.3
891,1988-04-29 00:00:00,10.28
892,1988-05-06 00:00:00,10.32
893,1988-05-13 00:00:00,10.4
894,1988-05-20 00:00:00,10.52
895,1988-05-27 00:00:00,10.58
896,1988-06-03 00:00:00,10.58
897,1988-06-10 00:00:00,10.51
898,1988-06-17 00:00:00,10.35
899,1988-06-24 00:00:00,10.4
900,1988-07-01 00:00:00,10.39
901,1988-07-08 00:00:00,10.38
902,1988-07-15 00:00:00,10.44
903,1988-07-22 00:00:00,10.46
904,1988-07-29 00:00:00,10.49
905,1988-08-05 00:00:00,10.44
906,1988-08-12 00:00:00,10.57
907,1988-08-19 00:00:00,10.71
908,1988-08-26 00:00:00,10.67
909,1988-09-02 00:00:00,10.65
910,1988-09-09 00:00:00,10.53
911,1988-09-16 00:00:00,10.4
912,1988-09-23 00:00:00,10.4
913,1988-09-30 00:00:00,10.42
914,1988-10-07 00:00:00,10.38
915,1988-10-14 00:00:00,10.33
916,1988-10-21 00:00:00,10.28
917,1988-10-28 00:00:00,10.22
918,1988-11-04 00:00:00,10.12
919,1988-11-11 00:00:00,10.24
920,1988-11-18 00:00:00,10.31
921,1988-11-25 00:00:00,10.39
922,1988-12-02 00:00:00,10.44
923,1988-12-09 00:00:00,10.46
924,1988-12-16 00:00:00,10.71
925,1988-12-23 00:00:00,10.68
926,1988-12-30 00:00:00,10.77
927,1989-01-06 00:00:00,10.8
928,1989-01-13 00:00:00,10.81
929,1989-01-20 00:00:00,10.71
930,1989-01-27 00:00:00,10.6
931,1989-02-03 00:00:00,10.55
932,1989-02-10 00:00:00,10.56
933,1989-02-17 00:00:00,10.69
934,1989-02-24 00:00:00,10.78
935,1989-03-03 00:00:00,10.91
936,1989-03-10 00:00:00,10.86
937,1989-03-17 00:00:00,10.98
938,1989-03-24 00:00:00,11.22
939,1989-03-31 00:00:00,11.19
940,1989-04-07 00:00:00,11.07
941,1989-04-14 00:00:00,11.11
942,1989-04-21 00:00:00,10.99
943,1989-04-28 00:00:00,11.03
944,1989-05-05 00:00:00,10.97
945,1989-05-12 00:00:00,10.93
946,1989-05-19 00:00:00,10.69
947,1989-05-26 00:00:00,10.5
948,1989-06-02 00:00:00,10.48
949,1989-06-09 00:00:00,10.2
950,1989-06-16 00:00:00,10.04
951,1989-06-23 00:00:00,10.19
952,1989-06-30 00:00:00,10.07
953,1989-07-07 00:00:00,10.03
954,1989-07-14 00:00:00,9.82
955,1989-07-21 00:00:00,9.87
956,1989-07-28 00:00:00,9.81
957,1989-08-04 00:00:00,9.68
958,1989-08-11 00:00:00,9.96
959,1989-08-18 00:00:00,10.09
960,1989-08-25 00:00:00,10.21
961,1989-09-01 00:00:00,10.22
962,1989-09-08 00:00:00,10.17
963,1989-09-15 00:00:00,10.05
964,1989-09-22 00:00:00,10.03
965,1989-09-29 00:00:00,10.16
966,1989-10-06 00:00:00,10.1
967,1989-10-13 00:00:00,9.95
968,1989-10-20 00:00:00,9.92
969,1989-10-27 00:00:00,9.82
970,1989-11-03 00:00:00,9.82
971,1989-11-10 00:00:00,9.79
972,1989-11-17 00:00:00,9.72
973,1989-11-24 00:00:00,9.74
974,1989-12-01 00:00:00,9.74
975,1989-12-08 00:00:00,9.76
976,1989-12-15 00:00:00,9.75
977,1989-12-22 00:00:00,9.69
978,1989-12-29 00:00:00,9.78
979,1990-01-05 00:00:00,9.83
980,1990-01-12 00:00:00,9.8
981,1990-01-19 00:00:00,9.9
982,1990-01-26 00:00:00,10.05
983,1990-02-02 00:00:00,10.17
984,1990-02-09 00:00:00,10.21
985,1990-02-16 00:00:00,10.1
986,1990-02-23 00:00:00,10.31
987,1990-03-02 00:00:00,10.23
988,1990-03-09 00:00:00,10.29
989,1990-03-16 00:00:00,10.34
990,1990-03-23 00:00:00,10.26
991,1990-03-30 00:00:00,10.22
992,1990-04-06 00:00:00,10.26
993,1990-04-13 00:00:00,10.25
994,1990-04-20 00:00:00,10.41
995,1990-04-27 00:00:00,10.56
996,1990-05-04 00:00:00,10.67
997,1990-05-11 00:00:00,10.54
998,1990-05-18 00:00:00,10.37
999,1990-05-25 00:00:00,10.33
1000,1990-06-01 00:00:00,10.29
1001,1990-06-08 00:00:00,10.1
1002,1990-06-15 00:00:00,10.12
1003,1990-06-22 00:00:00,10.16
1004,1990-06-29 00:00:00,10.15
1005,1990-07-06 00:00:00,10.06
1006,1990-07-13 00:00:00,10.11
1007,1990-07-20 00:00:00,9.99
1008,1990-07-27 00:00:00,9.98
1009,1990-08-03 00:00:00,9.84
1010,1990-08-10 00:00:00,10.08
1011,1990-08-17 00:00:00,10.05
1012,1990-08-24 00:00:00,10.29
1013,1990-08-31 00:00:00,10.24
1014,1990-09-07 00:00:00,10.19
1015,1990-09-14 00:00:00,10.13
1016,1990-09-21 00:00:00,10.16
1017,1990-09-28 00:00:00,10.22
1018,1990-10-05 00:00:00,10.08
1019,1990-10-12 00:00:00,10.22
1020,1990-10-19 00:00:00,10.24
1021,1990-10-26 00:00:00,10.17
1022,1990-11-02 00:00:00,10.13
1023,1990-11-09 00:00:00,10.09
1024,1990-11-16 00:00:00,10.02
1025,1990-11-23 00:00:00,9.93
1026,1990-11-30 00:00:00,9.9
1027,1990-12-07 00:00:00,9.81
1028,1990-12-14 00:00:00,9.56
1029,1990-12-21 00:00:00,9.64
1030,1990-12-28 00:00:00,9.68
1031,1991-01-04 00:00:00,9.56
1032,1991-01-11 00:00:00,9.63
1033,1991-01-18 00:00:00,9.75
1034,1991-01-25 00:00:00,9.61
1035,1991-02-01 00:00:00,9.56
1036,1991-02-08 00:00:00,9.36
1037,1991-02-15 00:00:00,9.25
1038,1991-02-22 00:00:00,9.29
1039,1991-03-01 00:00:00,9.4
1040,1991-03-08 00:00:00,9.49
1041,1991-03-15 00:00:00,9.5
1042,1991-03-22 00:00:00,9.59
1043,1991-03-29 00:00:00,9.52
1044,1991-04-05 00:00:00,9.49
1045,1991-04-12 00:00:00,9.48
1046,1991-04-19 00:00:00,9.47
1047,1991-04-26 00:00:00,9.53
1048,1991-05-03 00:00:00,9.47
1049,1991-05-10 00:00:00,9.47
1050,1991-05-17 00:00:00,9.5
1051,1991-05-24 00:00:00,9.47
1052,1991-05-31 00:00:00,9.45
1053,1991-06-07 00:00:00,9.48
1054,1991-06-14 00:00:00,9.66
1055,1991-06-21 00:00:00,9.65
1056,1991-06-28 00:00:00,9.67
1057,1991-07-05 00:00:00,9.62
1058,1991-07-12 00:00:00,9.64
1059,1991-07-19 00:00:00,9.54
1060,1991-07-26 00:00:00,9.5
1061,1991-08-02 00:00:00,9.44
1062,1991-08-09 00:00:00,9.27
1063,1991-08-16 00:00:00,9.19
1064,1991-08-23 00:00:00,9.17
1065,1991-08-30 00:00:00,9.15
1066,1991-09-06 00:00:00,9.14
1067,1991-09-13 00:00:00,9.02
1068,1991-09-20 00:00:00,8.95
1069,1991-09-27 00:00:00,8.92
1070,1991-10-04 00:00:00,8.87
1071,1991-10-11 00:00:00,8.82
1072,1991-10-18 00:00:00,8.82
1073,1991-10-25 00:00:00,8.91
1074,1991-11-01 00:00:00,8.78
1075,1991-11-08 00:00:00,8.76
1076,1991-11-15 00:00:00,8.69
1077,1991-11-22 00:00:00,8.63
1078,1991-11-29 00:00:00,8.7
1079,1991-12-06 00:00:00,8.62
1080,1991-12-13 00:00:00,8.53
1081,1991-12-20 00:00:00,8.49
1082,1991-12-27 00:00:00,8.35
1083,1992-01-03 00:00:00,8.24
1084,1992-01-10 00:00:00,8.23
1085,1992-01-17 00:00:00,8.45
1086,1992-01-24 00:00:00,8.56
1087,1992-01-31 00:00:00,8.68
1088,1992-02-07 00:00:00,8.67
1089,1992-02-14 00:00:00,8.73
1090,1992-02-21 00:00:00,8.82
1091,1992-02-28 00:00:00,8.83
1092,1992-03-06 00:00:00,8.85
1093,1992-03-13 00:00:00,8.88
1094,1992-03-20 00:00:00,9.03
1095,1992-03-27 00:00:00,8.98
1096,1992-04-03 00:00:00,8.96
1097,1992-04-10 00:00:00,8.84
1098,1992-04-17 00:00:00,8.76
1099,1992-04-24 00:00:00,8.85
1100,1992-05-01 00:00:00,8.84
1101,1992-05-08 00:00:00,8.75
1102,1992-05-15 00:00:00,8.64
1103,1992-05-22 00:00:00,8.53
1104,1992-05-29 00:00:00,8.6
1105,1992-06-05 00:00:00,8.59
1106,1992-06-12 00:00:00,8.54
1107,1992-06-19 00:00:00,8.48
1108,1992-06-26 00:00:00,8.43
1109,1992-07-03 00:00:00,8.29
1110,1992-07-10 00:00:00,8.13
1111,1992-07-17 00:00:00,8.09
1112,1992-07-24 00:00:00,8.08
1113,1992-07-31 00:00:00,8.05
1114,1992-08-07 00:00:00,8.06
1115,1992-08-14 00:00:00,7.96
1116,1992-08-21 00:00:00,7.87
1117,1992-08-28 00:00:00,8.01
1118,1992-09-04 00:00:00,7.94
1119,1992-09-11 00:00:00,7.84
1120,1992-09-18 00:00:00,7.89
1121,1992-09-24 00:00:00,8.02
1122,1992-10-02 00:00:00,7.93
1123,1992-10-09 00:00:00,8.01
1124,1992-10-16 00:00:00,8.06
1125,1992-10-23 00:00:00,8.23
1126,1992-10-30 00:00:00,8.21
1127,1992-11-06 00:00:00,8.29
1128,1992-11-13 00:00:00,8.32
1129,1992-11-20 00:00:00,8.32
1130,1992-11-27 00:00:00,8.29
1131,1992-12-04 00:00:00,8.34
1132,1992-12-11 00:00:00,8.23
1133,1992-12-18 00:00:00,8.19
1134,1992-12-25 00:00:00,8.13
1135,1992-12-31 00:00:00,8.14
1136,1993-01-08 00:00:00,8.07
1137,1993-01-15 00:00:00,8.04
1138,1993-01-22 00:00:00,8.0
1139,1993-01-29 00:00:00,7.86
1140,1993-02-05 00:00:00,7.8
1141,1993-02-12 00:00:00,7.75
1142,1993-02-19 00:00:00,7.65
1143,1993-02-26 00:00:00,7.53
1144,1993-03-05 00:00:00,7.44
1145,1993-03-12 00:00:00,7.47
1146,1993-03-19 00:00:00,7.57
1147,1993-03-26 00:00:00,7.5
1148,1993-04-02 00:00:00,7.53
1149,1993-04-09 00:00:00,7.57
1150,1993-04-16 00:00:00,7.45
1151,1993-04-23 00:00:00,7.38
1152,1993-04-30 00:00:00,7.43
1153,1993-05-07 00:00:00,7.42
1154,1993-05-14 00:00:00,7.42
1155,1993-05-21 00:00:00,7.52
1156,1993-05-28 00:00:00,7.5
1157,1993-06-04 00:00:00,7.47
1158,1993-06-11 00:00:00,7.48
1159,1993-06-18 00:00:00,7.38
1160,1993-06-25 00:00:00,7.34
1161,1993-07-02 00:00:00,7.23
1162,1993-07-09 00:00:00,7.19
1163,1993-07-16 00:00:00,7.16
1164,1993-07-23 00:00:00,7.2
1165,1993-07-30 00:00:00,7.25
1166,1993-08-06 00:00:00,7.21
1167,1993-08-13 00:00:00,7.17
1168,1993-08-20 00:00:00,7.1
1169,1993-08-27 00:00:00,6.97
1170,1993-09-03 00:00:00,6.93
1171,1993-09-10 00:00:00,6.82
1172,1993-09-17 00:00:00,6.96
1173,1993-09-24 00:00:00,6.95
1174,1993-10-01 00:00:00,6.89
1175,1993-10-08 00:00:00,6.87
1176,1993-10-15 00:00:00,6.81
1177,1993-10-22 00:00:00,6.74
1178,1993-10-29 00:00:00,6.86
1179,1993-11-05 00:00:00,7.11
1180,1993-11-12 00:00:00,7.12
1181,1993-11-19 00:00:00,7.08
1182,1993-11-26 00:00:00,7.31
1183,1993-12-04 00:00:00,7.25
1184,1993-12-10 00:00:00,7.14
1185,1993-12-17 00:00:00,7.17
1186,1993-12-24 00:00:00,7.17
1187,1993-12-31 00:00:00,7.13
1188,1994-01-07 00:00:00,7.23
1189,1994-01-14 00:00:00,6.99
1190,1994-01-21 00:00:00,7.05
1191,1994-01-28 00:00:00,6.97
1192,1994-02-04 00:00:00,6.97
1193,1994-02-11 00:00:00,7.21
1194,1994-02-18 00:00:00,7.11
1195,1994-02-25 00:00:00,7.32
1196,1994-03-04 00:00:00,7.51
1197,1994-03-11 00:00:00,7.63
1198,1994-03-18 00:00:00,7.76
1199,1994-03-25 00:00:00,7.8
1200,1994-04-01 00:00:00,8.04
1201,1994-04-08 00:00:00,8.47
1202,1994-04-15 00:00:00,8.26
1203,1994-04-22 00:00:00,8.49
1204,1994-04-29 00:00:00,8.32
1205,1994-05-06 00:00:00,8.53
1206,1994-05-13 00:00:00,8.77
1207,1994-05-20 00:00:00,8.56
1208,1994-05-27 00:00:00,8.53
1209,1994-06-03 00:00:00,8.55
1210,1994-06-10 00:00:00,8.25
1211,1994-06-17 00:00:00,8.33
1212,1994-06-24 00:00:00,8.46
1213,1994-07-01 00:00:00,8.57
1214,1994-07-08 00:00:00,8.68
1215,1994-07-15 00:00:00,8.72
1216,1994-07-22 00:00:00,8.53
1217,1994-07-29 00:00:00,8.57
1218,1994-08-05 00:00:00,8.38
1219,1994-08-12 00:00:00,8.57
1220,1994-08-19 00:00:00,8.54
1221,1994-08-26 00:00:00,8.56
1222,1994-09-02 00:00:00,8.48
1223,1994-09-09 00:00:00,8.51
1224,1994-09-16 00:00:00,8.66
1225,1994-09-23 00:00:00,8.73
1226,1994-09-30 00:00:00,8.82
1227,1994-10-07 00:00:00,8.89
1228,1994-10-14 00:00:00,8.93
1229,1994-10-21 00:00:00,8.85
1230,1994-10-28 00:00:00,9.03
1231,1994-11-04 00:00:00,9.05
1232,1994-11-11 00:00:00,9.19
1233,1994-11-18 00:00:00,9.19
1234,1994-11-25 00:00:00,9.25
1235,1994-12-02 00:00:00,9.23
1236,1994-12-09 00:00:00,9.15
1237,1994-12-16 00:00:00,9.25
1238,1994-12-23 00:00:00,9.18
1239,1994-12-30 00:00:00,9.18
1240,1995-01-06 00:00:00,9.22
1241,1995-01-13 00:00:00,9.19
1242,1995-01-20 00:00:00,9.05
1243,1995-01-27 00:00:00,9.13
1244,1995-02-03 00:00:00,8.94
1245,1995-02-10 00:00:00,8.8
1246,1995-02-17 00:00:00,8.84
1247,1995-02-24 00:00:00,8.73
1248,1995-03-03 00:00:00,8.53
1249,1995-03-10 00:00:00,8.62
1250,1995-03-17 00:00:00,8.38
1251,1995-03-24 00:00:00,8.4
1252,1995-03-31 00:00:00,8.38
1253,1995-04-07 00:00:00,8.41
1254,1995-04-14 00:00:00,8.37
1255,1995-04-21 00:00:00,8.24
1256,1995-04-28 00:00:00,8.26
1257,1995-05-05 00:00:00,8.27
1258,1995-05-12 00:00:00,7.87
1259,1995-05-19 00:00:00,7.83
1260,1995-05-26 00:00:00,7.85
1261,1995-06-02 00:00:00,7.71
1262,1995-06-09 00:00:00,7.51
1263,1995-06-16 00:00:00,7.55
1264,1995-06-23 00:00:00,7.53
1265,1995-06-30 00:00:00,7.53
1266,1995-07-07 00:00:00,7.63
1267,1995-07-14 00:00:00,7.41
1268,1995-07-21 00:00:00,7.6
1269,1995-07-28 00:00:00,7.79
1270,1995-08-04 00:00:00,7.82
1271,1995-08-11 00:00:00,7.8
1272,1995-08-18 00:00:00,7.94
1273,1995-08-25 00:00:00,7.88
1274,1995-09-01 00:00:00,7.76
1275,1995-09-08 00:00:00,7.63
1276,1995-09-15 00:00:00,7.6
1277,1995-09-22 00:00:00,7.57
1278,1995-09-29 00:00:00,7.62
1279,1995-10-06 00:00:00,7.57
1280,1995-10-13 00:00:00,7.5
1281,1995-10-20 00:00:00,7.38
1282,1995-10-27 00:00:00,7.45
1283,1995-11-03 00:00:00,7.44
1284,1995-11-09 00:00:00,7.37
1285,1995-11-17 00:00:00,7.35
1286,1995-11-24 00:00:00,7.35
1287,1995-12-01 00:00:00,7.33
1288,1995-12-08 00:00:00,7.18
1289,1995-12-15 00:00:00,7.15
1290,1995-12-22 00:00:00,7.23
1291,1995-12-29 00:00:00,7.11
1292,1996-01-05 00:00:00,7.02
1293,1996-01-12 00:00:00,7.08
1294,1996-01-19 00:00:00,7.02
1295,1996-01-26 00:00:00,7.0
1296,1996-02-02 00:00:00,7.02
1297,1996-02-09 00:00:00,7.02
1298,1996-02-16 00:00:00,6.94
1299,1996-02-23 00:00:00,7.32
1300,1996-03-01 00:00:00,7.41
1301,1996-03-08 00:00:00,7.38
1302,1996-03-15 00:00:00,7.83
1303,1996-03-22 00:00:00,7.81
1304,1996-03-29 00:00:00,7.69
1305,1996-04-05 00:00:00,7.78
1306,1996-04-12 00:00:00,8.05
1307,1996-04-19 00:00:00,7.95
1308,1996-04-26 00:00:00,7.92
1309,1996-05-03 00:00:00,7.99
1310,1996-05-10 00:00:00,8.24
1311,1996-05-17 00:00:00,8.08
1312,1996-05-24 00:00:00,8.01
1313,1996-05-31 00:00:00,8.03
1314,1996-06-07 00:00:00,8.3
1315,1996-06-14 00:00:00,8.39
1316,1996-06-21 00:00:00,8.3
1317,1996-06-28 00:00:00,8.29
1318,1996-07-05 00:00:00,8.14
1319,1996-07-12 00:00:00,8.42
1320,1996-07-19 00:00:00,8.23
1321,1996-07-26 00:00:00,8.19
1322,1996-08-02 00:00:00,8.23
1323,1996-08-09 00:00:00,7.88
1324,1996-08-16 00:00:00,7.88
1325,1996-08-23 00:00:00,7.93
1326,1996-08-30 00:00:00,8.09
1327,1996-09-06 00:00:00,8.34
1328,1996-09-13 00:00:00,8.28
1329,1996-09-20 00:00:00,8.14
1330,1996-09-27 00:00:00,8.16
1331,1996-10-04 00:00:00,8.06
1332,1996-10-11 00:00:00,7.86
1333,1996-10-18 00:00:00,7.88
1334,1996-10-25 00:00:00,7.86
1335,1996-11-01 00:00:00,7.78
1336,1996-11-08 00:00:00,7.67
1337,1996-11-15 00:00:00,7.59
1338,1996-11-22 00:00:00,7.53
1339,1996-11-29 00:00:00,7.52
1340,1996-12-06 00:00:00,7.44
1341,1996-12-13 00:00:00,7.57
1342,1996-12-20 00:00:00,7.74
1343,1996-12-27 00:00:00,7.64
1344,1997-01-03 00:00:00,7.67
1345,1997-01-10 00:00:00,7.85
1346,1997-01-17 00:00:00,7.87
1347,1997-01-24 00:00:00,7.85
1348,1997-01-31 00:00:00,7.88
1349,1997-02-07 00:00:00,7.74
1350,1997-02-14 00:00:00,7.65
1351,1997-02-21 00:00:00,7.56
1352,1997-02-28 00:00:00,7.65
1353,1997-03-07 00:00:00,7.84
1354,1997-03-14 00:00:00,7.84
1355,1997-03-21 00:00:00,7.94
1356,1997-03-28 00:00:00,7.97
1357,1997-04-04 00:00:00,8.18
1358,1997-04-11 00:00:00,8.15
1359,1997-04-18 00:00:00,8.16
1360,1997-04-25 00:00:00,8.08
1361,1997-05-02 00:00:00,8.01
1362,1997-05-09 00:00:00,7.94
1363,1997-05-16 00:00:00,7.91
1364,1997-05-23 00:00:00,7.92
1365,1997-05-30 00:00:00,7.94
1366,1997-06-06 00:00:00,7.85
1367,1997-06-13 00:00:00,7.72
1368,1997-06-20 00:00:00,7.61
1369,1997-06-27 00:00:00,7.58
1370,1997-07-04 00:00:00,7.62
1371,1997-07-11 00:00:00,7.47
1372,1997-07-18 00:00:00,7.47
1373,1997-07-25 00:00:00,7.43
1374,1997-08-01 00:00:00,7.36
1375,1997-08-08 00:00:00,7.46
1376,1997-08-15 00:00:00,7.54
1377,1997-08-22 00:00:00,7.46
1378,1997-08-29 00:00:00,7.58
1379,1997-09-05 00:00:00,7.53
1380,1997-09-12 00:00:00,7.53
1381,1997-09-19 00:00:00,7.38
1382,1997-09-26 00:00:00,7.28
1383,1997-10-03 00:00:00,7.31
1384,1997-10-10 00:00:00,7.26
1385,1997-10-17 00:00:00,7.34
1386,1997-10-24 00:00:00,7.35
1387,1997-10-31 00:00:00,7.21
1388,1997-11-07 00:00:00,7.24
1389,1997-11-14 00:00:00,7.23
1390,1997-11-21 00:00:00,7.18
1391,1997-11-28 00:00:00,7.17
1392,1997-12-05 00:00:00,7.15
1393,1997-12-12 00:00:00,7.17
1394,1997-12-19 00:00:00,7.07
1395,1997-12-26 00:00:00,6.99
1396,1998-01-02 00:00:00,7.03
1397,1998-01-09 00:00:00,6.94
1398,1998-01-16 00:00:00,6.89
1399,1998-01-23 00:00:00,6.99
1400,1998-01-30 00:00:00,7.12
1401,1998-02-06 00:00:00,7.03
1402,1998-02-13 00:00:00,7.06
1403,1998-02-20 00:00:00,6.99
1404,1998-02-28 00:00:00,7.09
1405,1998-03-06 00:00:00,7.19
1406,1998-03-13 00:00:00,7.16
1407,1998-03-20 00:00:00,7.08
1408,1998-03-27 00:00:00,7.08
1409,1998-04-03 00:00:00,7.15
1410,1998-04-10 00:00:00,7.09
1411,1998-04-17 00:00:00,7.17
1412,1998-04-24 00:00:00,7.15
1413,1998-05-01 00:00:00,7.22
1414,1998-05-08 00:00:00,7.14
1415,1998-05-15 00:00:00,7.19
1416,1998-05-22 00:00:00,7.1
1417,1998-05-29 00:00:00,7.07
1418,1998-06-05 00:00:00,7.05
1419,1998-06-12 00:00:00,7.04
1420,1998-06-19 00:00:00,6.94
1421,1998-06-26 00:00:00,6.96
1422,1998-07-03 00:00:00,6.98
1423,1998-07-10 00:00:00,6.91
1424,1998-07-17 00:00:00,6.94
1425,1998-07-24 00:00:00,6.96
1426,1998-07-31 00:00:00,6.97
1427,1998-08-07 00:00:00,6.94
1428,1998-08-14 00:00:00,6.91
1429,1998-08-21 00:00:00,6.92
1430,1998-08-28 00:00:00,6.92
1431,1998-09-04 00:00:00,6.82
1432,1998-09-11 00:00:00,6.77
1433,1998-09-18 00:00:00,6.66
1434,1998-09-25 00:00:00,6.64
1435,1998-10-02 00:00:00,6.6
1436,1998-10-09 00:00:00,6.49
1437,1998-10-16 00:00:00,6.9
1438,1998-10-23 00:00:00,6.73
1439,1998-10-30 00:00:00,6.83
1440,1998-11-06 00:00:00,6.89
1441,1998-11-13 00:00:00,6.93
1442,1998-11-20 00:00:00,6.86
1443,1998-11-27 00:00:00,6.78
1444,1998-12-04 00:00:00,6.71
1445,1998-12-11 00:00:00,6.69
1446,1998-12-18 00:00:00,6.69
1447,1998-12-25 00:00:00,6.77
1448,1998-12-31 00:00:00,6.83
1449,1999-01-08 00:00:00,6.79
1450,1999-01-15 00:00:00,6.83
1451,1999-01-22 00:00:00,6.78
1452,1999-01-29 00:00:00,6.74
1453,1999-02-05 00:00:00,6.75
1454,1999-02-12 00:00:00,6.77
1455,1999-02-19 00:00:00,6.82
1456,1999-02-26 00:00:00,6.89
1457,1999-03-05 00:00:00,7.06
1458,1999-03-12 00:00:00,7.11
1459,1999-03-19 00:00:00,7.01
1460,1999-03-26 00:00:00,6.98
1461,1999-04-02 00:00:00,6.98
1462,1999-04-09 00:00:00,6.92
1463,1999-04-16 00:00:00,6.87
1464,1999-04-23 00:00:00,6.88
1465,1999-04-30 00:00:00,6.93
1466,1999-05-07 00:00:00,7.02
1467,1999-05-14 00:00:00,7.1
1468,1999-05-21 00:00:00,7.23
1469,1999-05-28 00:00:00,7.23
1470,1999-06-04 00:00:00,7.41
1471,1999-06-11 00:00:00,7.51
1472,1999-06-18 00:00:00,7.65
1473,1999-06-25 00:00:00,7.63
1474,1999-07-02 00:00:00,7.71
1475,1999-07-09 00:00:00,7.65
1476,1999-07-16 00:00:00,7.58
1477,1999-07-23 00:00:00,7.52
1478,1999-07-30 00:00:00,7.7
1479,1999-08-06 00:00:00,7.89
1480,1999-08-13 00:00:00,8.15
1481,1999-08-20 00:00:00,7.93
1482,1999-08-27 00:00:00,7.8
1483,1999-09-03 00:00:00,7.83
1484,1999-09-10 00:00:00,7.88
1485,1999-09-17 00:00:00,7.82
1486,1999-09-24 00:00:00,7.76
1487,1999-10-01 00:00:00,7.7
1488,1999-10-08 00:00:00,7.82
1489,1999-10-15 00:00:00,7.85
1490,1999-10-22 00:00:00,7.93
1491,1999-10-29 00:00:00,7.96
1492,1999-11-05 00:00:00,7.84
1493,1999-11-12 00:00:00,7.67
1494,1999-11-19 00:00:00,7.69
1495,1999-11-26 00:00:00,7.75
1496,1999-12-03 00:00:00,7.84
1497,1999-12-10 00:00:00,7.84
1498,1999-12-17 00:00:00,7.86
1499,1999-12-24 00:00:00,7.96
1500,1999-12-31 00:00:00,8.06
1501,2000-01-07 00:00:00,8.15
1502,2000-01-14 00:00:00,8.18
1503,2000-01-21 00:00:00,8.26
1504,2000-01-28 00:00:00,8.25
1505,2000-02-04 00:00:00,8.25
1506,2000-02-11 00:00:00,8.36
1507,2000-02-18 00:00:00,8.38
1508,2000-02-25 00:00:00,8.31
1509,2000-03-03 00:00:00,8.27
1510,2000-03-10 00:00:00,8.23
1511,2000-03-17 00:00:00,8.24
1512,2000-03-24 00:00:00,8.23
1513,2000-03-31 00:00:00,8.23
1514,2000-04-07 00:00:00,8.2
1515,2000-04-14 00:00:00,8.12
1516,2000-04-21 00:00:00,8.16
1517,2000-04-28 00:00:00,8.13
1518,2000-05-05 00:00:00,8.28
1519,2000-05-12 00:00:00,8.52
1520,2000-05-19 00:00:00,8.64
1521,2000-05-26 00:00:00,8.62
1522,2000-06-02 00:00:00,8.54
1523,2000-06-09 00:00:00,8.32
1524,2000-06-16 00:00:00,8.22
1525,2000-06-23 00:00:00,8.14
1526,2000-06-30 00:00:00,8.22
1527,2000-07-07 00:00:00,8.16
1528,2000-07-14 00:00:00,8.09
1529,2000-07-21 00:00:00,8.21
1530,2000-07-28 00:00:00,8.13
1531,2000-08-04 00:00:00,8.12
1532,2000-08-11 00:00:00,8.04
1533,2000-08-18 00:00:00,7.96
1534,2000-08-25 00:00:00,7.99
1535,2000-09-01 00:00:00,7.96
1536,2000-09-08 00:00:00,7.94
1537,2000-09-15 00:00:00,7.88
1538,2000-09-22 00:00:00,7.9
1539,2000-09-29 00:00:00,7.88
1540,2000-10-06 00:00:00,7.83
1541,2000-10-13 00:00:00,7.84
1542,2000-10-20 00:00:00,7.83
1543,2000-10-27 00:00:00,7.68
1544,2000-11-03 00:00:00,7.73
1545,2000-11-10 00:00:00,7.79
1546,2000-11-17 00:00:00,7.73
1547,2000-11-24 00:00:00,7.73
1548,2000-12-01 00:00:00,7.65
1549,2000-12-08 00:00:00,7.54
1550,2000-12-15 00:00:00,7.42
1551,2000-12-22 00:00:00,7.17
1552,2000-12-29 00:00:00,7.13
1553,2001-01-05 00:00:00,7.07
1554,2001-01-12 00:00:00,6.89
1555,2001-01-19 00:00:00,7.02
1556,2001-01-26 00:00:00,7.15
1557,2001-02-02 00:00:00,7.09
1558,2001-02-09 00:00:00,6.98
1559,2001-02-16 00:00:00,7.01
1560,2001-02-23 00:00:00,7.12
1561,2001-03-02 00:00:00,7.03
1562,2001-03-09 00:00:00,6.97
1563,2001-03-16 00:00:00,6.96
1564,2001-03-23 00:00:00,6.89
1565,2001-03-30 00:00:00,6.91
1566,2001-04-06 00:00:00,7.01
1567,2001-04-13 00:00:00,7.04
1568,2001-04-20 00:00:00,7.14
1569,2001-04-27 00:00:00,7.12
1570,2001-05-04 00:00:00,7.14
1571,2001-05-11 00:00:00,7.1
1572,2001-05-18 00:00:00,7.14
1573,2001-05-25 00:00:00,7.2
1574,2001-06-01 00:00:00,7.24
1575,2001-06-08 00:00:00,7.2
1576,2001-06-15 00:00:00,7.14
1577,2001-06-22 00:00:00,7.11
1578,2001-06-29 00:00:00,7.11
1579,2001-07-06 00:00:00,7.19
1580,2001-07-13 00:00:00,7.21
1581,2001-07-20 00:00:00,7.08
1582,2001-07-27 00:00:00,7.03
1583,2001-08-03 00:00:00,7.0
1584,2001-08-10 00:00:00,7.0
1585,2001-08-17 00:00:00,6.92
1586,2001-08-24 00:00:00,6.91
1587,2001-08-31 00:00:00,6.92
1588,2001-09-07 00:00:00,6.89
1589,2001-09-14 00:00:00,6.86
1590,2001-09-21 00:00:00,6.8
1591,2001-09-28 00:00:00,6.72
1592,2001-10-05 00:00:00,6.64
1593,2001-10-12 00:00:00,6.58
1594,2001-10-19 00:00:00,6.61
1595,2001-10-26 00:00:00,6.64
1596,2001-11-02 00:00:00,6.56
1597,2001-11-09 00:00:00,6.45
1598,2001-11-16 00:00:00,6.51
1599,2001-11-23 00:00:00,6.75
1600,2001-11-30 00:00:00,7.02
1601,2001-12-07 00:00:00,6.84
1602,2001-12-14 00:00:00,7.09
1603,2001-12-21 00:00:00,7.17
1604,2001-12-28 00:00:00,7.16
1605,2002-01-04 00:00:00,7.14
1606,2002-01-11 00:00:00,7.06
1607,2002-01-18 00:00:00,6.83
1608,2002-01-25 00:00:00,6.96
1609,2002-02-01 00:00:00,7.02
1610,2002-02-08 00:00:00,6.88
1611,2002-02-15 00:00:00,6.86
1612,2002-02-22 00:00:00,6.81
1613,2002-03-01 00:00:00,6.8
1614,2002-03-08 00:00:00,6.87
1615,2002-03-15 00:00:00,7.08
1616,2002-03-22 00:00:00,7.14
1617,2002-03-29 00:00:00,7.18
1618,2002-04-05 00:00:00,7.13
1619,2002-04-12 00:00:00,6.99
1620,2002-04-19 00:00:00,6.94
1621,2002-04-26 00:00:00,6.88
1622,2002-05-03 00:00:00,6.78
1623,2002-05-10 00:00:00,6.79
1624,2002-05-17 00:00:00,6.89
1625,2002-05-24 00:00:00,6.81
1626,2002-05-31 00:00:00,6.76
1627,2002-06-07 00:00:00,6.71
1628,2002-06-14 00:00:00,6.71
1629,2002-06-21 00:00:00,6.63
1630,2002-06-28 00:00:00,6.55
1631,2002-07-05 00:00:00,6.57
1632,2002-07-12 00:00:00,6.54
1633,2002-07-19 00:00:00,6.49
1634,2002-07-26 00:00:00,6.34
1635,2002-08-02 00:00:00,6.43
1636,2002-08-09 00:00:00,6.31
1637,2002-08-16 00:00:00,6.22
1638,2002-08-23 00:00:00,6.27
1639,2002-08-30 00:00:00,6.22
1640,2002-09-06 00:00:00,6.15
1641,2002-09-13 00:00:00,6.18
1642,2002-09-20 00:00:00,6.05
1643,2002-09-27 00:00:00,5.99
1644,2002-10-04 00:00:00,6.01
1645,2002-10-11 00:00:00,5.98
1646,2002-10-18 00:00:00,6.15
1647,2002-10-25 00:00:00,6.31
1648,2002-11-01 00:00:00,6.13
1649,2002-11-08 00:00:00,6.11
1650,2002-11-15 00:00:00,5.94
1651,2002-11-22 00:00:00,6.03
1652,2002-11-29 00:00:00,6.13
1653,2002-12-06 00:00:00,6.19
1654,2002-12-13 00:00:00,6.04
1655,2002-12-20 00:00:00,6.03
1656,2002-12-27 00:00:00,5.93
1657,2003-01-03 00:00:00,5.85
1658,2003-01-10 00:00:00,5.95
1659,2003-01-17 00:00:00,5.97
1660,2003-01-24 00:00:00,5.91
1661,2003-01-31 00:00:00,5.9
1662,2003-02-07 00:00:00,5.88
1663,2003-02-14 00:00:00,5.86
1664,2003-02-21 00:00:00,5.84
1665,2003-02-28 00:00:00,5.79
1666,2003-03-07 00:00:00,5.67
1667,2003-03-14 00:00:00,5.61
1668,2003-03-21 00:00:00,5.79
1669,2003-03-28 00:00:00,5.91
1670,2003-04-04 00:00:00,5.79
1671,2003-04-11 00:00:00,5.85
1672,2003-04-18 00:00:00,5.82
1673,2003-04-25 00:00:00,5.79
1674,2003-05-02 00:00:00,5.7
1675,2003-05-09 00:00:00,5.62
1676,2003-05-16 00:00:00,5.45
1677,2003-05-23 00:00:00,5.34
1678,2003-05-30 00:00:00,5.31
1679,2003-06-06 00:00:00,5.26
1680,2003-06-13 00:00:00,5.21
1681,2003-06-20 00:00:00,5.21
1682,2003-06-27 00:00:00,5.24
1683,2003-07-04 00:00:00,5.4
1684,2003-07-11 00:00:00,5.52
1685,2003-07-18 00:00:00,5.67
1686,2003-07-25 00:00:00,5.94
1687,2003-08-01 00:00:00,6.14
1688,2003-08-08 00:00:00,6.34
1689,2003-08-15 00:00:00,6.24
1690,2003-08-22 00:00:00,6.28
1691,2003-08-29 00:00:00,6.32
1692,2003-09-05 00:00:00,6.44
1693,2003-09-12 00:00:00,6.16
1694,2003-09-19 00:00:00,6.01
1695,2003-09-26 00:00:00,5.98
1696,2003-10-03 00:00:00,5.77
1697,2003-10-10 00:00:00,5.95
1698,2003-10-17 00:00:00,6.05
1699,2003-10-24 00:00:00,6.05
1700,2003-10-31 00:00:00,5.94
1701,2003-11-07 00:00:00,5.98
1702,2003-11-14 00:00:00,6.03
1703,2003-11-21 00:00:00,5.83
1704,2003-11-28 00:00:00,5.89
1705,2003-12-05 00:00:00,6.02
1706,2003-12-12 00:00:00,5.88
1707,2003-12-19 00:00:00,5.82
1708,2003-12-26 00:00:00,5.81
1709,2003-12-31 00:00:00,5.85
1710,2004-01-08 00:00:00,5.87
1711,2004-01-15 00:00:00,5.66
1712,2004-01-22 00:00:00,5.64
1713,2004-01-29 00:00:00,5.68
1714,2004-02-05 00:00:00,5.72
1715,2004-02-12 00:00:00,5.66
1716,2004-02-19 00:00:00,5.58
1717,2004-02-26 00:00:00,5.58
1718,2004-03-04 00:00:00,5.59
1719,2004-03-11 00:00:00,5.41
1720,2004-03-18 00:00:00,5.38
1721,2004-03-25 00:00:00,5.4
1722,2004-04-01 00:00:00,5.52
1723,2004-04-08 00:00:00,5.79
1724,2004-04-15 00:00:00,5.89
1725,2004-04-22 00:00:00,5.94
1726,2004-04-29 00:00:00,6.01
1727,2004-05-06 00:00:00,6.12
1728,2004-05-13 00:00:00,6.34
1729,2004-05-20 00:00:00,6.3
1730,2004-05-27 00:00:00,6.32
1731,2004-06-03 00:00:00,6.28
1732,2004-06-10 00:00:00,6.3
1733,2004-06-17 00:00:00,6.32
1734,2004-06-24 00:00:00,6.25
1735,2004-07-01 00:00:00,6.21
1736,2004-07-08 00:00:00,6.01
1737,2004-07-15 00:00:00,6.0
1738,2004-07-22 00:00:00,5.98
1739,2004-07-29 00:00:00,6.08
1740,2004-08-05 00:00:00,5.99
1741,2004-08-12 00:00:00,5.85
1742,2004-08-19 00:00:00,5.81
1743,2004-08-26 00:00:00,5.82
1744,2004-09-02 00:00:00,5.77
1745,2004-09-09 00:00:00,5.83
1746,2004-09-16 00:00:00,5.75
1747,2004-09-23 00:00:00,5.7
1748,2004-09-30 00:00:00,5.72
1749,2004-10-07 00:00:00,5.82
1750,2004-10-14 00:00:00,5.74
1751,2004-10-21 00:00:00,5.69
1752,2004-10-28 00:00:00,5.64
1753,2004-11-04 00:00:00,5.7
1754,2004-11-11 00:00:00,5.76
1755,2004-11-18 00:00:00,5.74
1756,2004-11-24 00:00:00,5.72
1757,2004-12-02 00:00:00,5.81
1758,2004-12-09 00:00:00,5.71
1759,2004-12-16 00:00:00,5.68
1760,2004-12-22 00:00:00,5.75
1761,2004-12-29 00:00:00,5.81
1762,2005-01-06 00:00:00,5.77
1763,2005-01-13 00:00:00,5.74
1764,2005-01-20 00:00:00,5.67
1765,2005-01-27 00:00:00,5.66
1766,2005-02-03 00:00:00,5.63
1767,2005-02-10 00:00:00,5.57
1768,2005-02-17 00:00:00,5.62
1769,2005-02-24 00:00:00,5.69
1770,2005-03-03 00:00:00,5.79
1771,2005-03-10 00:00:00,5.85
1772,2005-03-17 00:00:00,5.95
1773,2005-03-24 00:00:00,6.01
1774,2005-03-31 00:00:00,6.04
1775,2005-04-07 00:00:00,5.93
1776,2005-04-14 00:00:00,5.91
1777,2005-04-21 00:00:00,5.8
1778,2005-04-28 00:00:00,5.78
1779,2005-05-05 00:00:00,5.75
1780,2005-05-12 00:00:00,5.77
1781,2005-05-19 00:00:00,5.71
1782,2005-05-26 00:00:00,5.65
1783,2005-06-02 00:00:00,5.62
1784,2005-06-09 00:00:00,5.56
1785,2005-06-16 00:00:00,5.63
1786,2005-06-23 00:00:00,5.57
1787,2005-06-30 00:00:00,5.53
1788,2005-07-07 00:00:00,5.62
1789,2005-07-14 00:00:00,5.66
1790,2005-07-21 00:00:00,5.73
1791,2005-07-28 00:00:00,5.77
1792,2005-08-04 00:00:00,5.82
1793,2005-08-11 00:00:00,5.89
1794,2005-08-18 00:00:00,5.8
1795,2005-08-25 00:00:00,5.77
1796,2005-09-01 00:00:00,5.71
1797,2005-09-08 00:00:00,5.71
1798,2005-09-15 00:00:00,5.74
1799,2005-09-22 00:00:00,5.8
1800,2005-09-29 00:00:00,5.91
1801,2005-10-06 00:00:00,5.98
1802,2005-10-13 00:00:00,6.03
1803,2005-10-20 00:00:00,6.1
1804,2005-10-27 00:00:00,6.15
1805,2005-11-03 00:00:00,6.31
1806,2005-11-10 00:00:00,6.36
1807,2005-11-17 00:00:00,6.37
1808,2005-11-23 00:00:00,6.28
1809,2005-12-01 00:00:00,6.26
1810,2005-12-08 00:00:00,6.32
1811,2005-12-15 00:00:00,6.3
1812,2005-12-22 00:00:00,6.26
1813,2005-12-29 00:00:00,6.22
1814,2006-01-05 00:00:00,6.21
1815,2006-01-12 00:00:00,6.15
1816,2006-01-19 00:00:00,6.1
1817,2006-01-26 00:00:00,6.12
1818,2006-02-02 00:00:00,6.23
1819,2006-02-09 00:00:00,6.24
1820,2006-02-16 00:00:00,6.28
1821,2006-02-23 00:00:00,6.26
1822,2006-03-02 00:00:00,6.24
1823,2006-03-09 00:00:00,6.37
1824,2006-03-16 00:00:00,6.34
1825,2006-03-23 00:00:00,6.32
1826,2006-03-30 00:00:00,6.35
1827,2006-04-06 00:00:00,6.43
1828,2006-04-13 00:00:00,6.49
1829,2006-04-20 00:00:00,6.53
1830,2006-04-27 00:00:00,6.58
1831,2006-05-04 00:00:00,6.59
1832,2006-05-11 00:00:00,6.58
1833,2006-05-18 00:00:00,6.6
1834,2006-05-25 00:00:00,6.62
1835,2006-06-01 00:00:00,6.67
1836,2006-06-08 00:00:00,6.62
1837,2006-06-15 00:00:00,6.63
1838,2006-06-22 00:00:00,6.71
1839,2006-06-29 00:00:00,6.78
1840,2006-07-06 00:00:00,6.79
1841,2006-07-13 00:00:00,6.74
1842,2006-07-20 00:00:00,6.8
1843,2006-07-27 00:00:00,6.72
1844,2006-08-03 00:00:00,6.63
1845,2006-08-10 00:00:00,6.55
1846,2006-08-17 00:00:00,6.52
1847,2006-08-24 00:00:00,6.48
1848,2006-08-31 00:00:00,6.44
1849,2006-09-07 00:00:00,6.47
1850,2006-09-14 00:00:00,6.43
1851,2006-09-21 00:00:00,6.4
1852,2006-09-28 00:00:00,6.31
1853,2006-10-05 00:00:00,6.3
1854,2006-10-12 00:00:00,6.37
1855,2006-10-19 00:00:00,6.36
1856,2006-10-26 00:00:00,6.4
1857,2006-11-02 00:00:00,6.31
1858,2006-11-09 00:00:00,6.33
1859,2006-11-16 00:00:00,6.24
1860,2006-11-22 00:00:00,6.18
1861,2006-11-30 00:00:00,6.14
1862,2006-12-07 00:00:00,6.11
1863,2006-12-14 00:00:00,6.12
1864,2006-12-21 00:00:00,6.13
1865,2006-12-28 00:00:00,6.18
1866,2007-01-04 00:00:00,6.18
1867,2007-01-11 00:00:00,6.21
1868,2007-01-18 00:00:00,6.23
1869,2007-01-25 00:00:00,6.25
1870,2007-02-01 00:00:00,6.34
1871,2007-02-08 00:00:00,6.28
1872,2007-02-15 00:00:00,6.3
1873,2007-02-22 00:00:00,6.22
1874,2007-03-01 00:00:00,6.18
1875,2007-03-08 00:00:00,6.14
1876,2007-03-15 00:00:00,6.14
1877,2007-03-22 00:00:00,6.16
1878,2007-03-29 00:00:00,6.16
1879,2007-04-05 00:00:00,6.17
1880,2007-04-12 00:00:00,6.22
1881,2007-04-19 00:00:00,6.17
1882,2007-04-26 00:00:00,6.16
1883,2007-05-03 00:00:00,6.16
1884,2007-05-10 00:00:00,6.15
1885,2007-05-17 00:00:00,6.21
1886,2007-05-24 00:00:00,6.37
1887,2007-05-31 00:00:00,6.42
1888,2007-06-07 00:00:00,6.53
1889,2007-06-14 00:00:00,6.74
1890,2007-06-21 00:00:00,6.69
1891,2007-06-28 00:00:00,6.67
1892,2007-07-05 00:00:00,6.63
1893,2007-07-12 00:00:00,6.73
1894,2007-07-19 00:00:00,6.73
1895,2007-07-26 00:00:00,6.69
1896,2007-08-02 00:00:00,6.68
1897,2007-08-09 00:00:00,6.59
1898,2007-08-16 00:00:00,6.62
1899,2007-08-23 00:00:00,6.52
1900,2007-08-30 00:00:00,6.45
1901,2007-09-06 00:00:00,6.46
1902,2007-09-13 00:00:00,6.31
1903,2007-09-20 00:00:00,6.34
1904,2007-09-27 00:00:00,6.42
1905,2007-10-04 00:00:00,6.37
1906,2007-10-11 00:00:00,6.4
1907,2007-10-18 00:00:00,6.4
1908,2007-10-25 00:00:00,6.33
1909,2007-11-01 00:00:00,6.26
1910,2007-11-08 00:00:00,6.24
1911,2007-11-15 00:00:00,6.24
1912,2007-11-21 00:00:00,6.2
1913,2007-11-29 00:00:00,6.1
1914,2007-12-06 00:00:00,5.96
1915,2007-12-13 00:00:00,6.11
1916,2007-12-20 00:00:00,6.14
1917,2007-12-27 00:00:00,6.17
1918,2008-01-03 00:00:00,6.07
1919,2008-01-10 00:00:00,5.87
1920,2008-01-17 00:00:00,5.69
1921,2008-01-24 00:00:00,5.48
1922,2008-01-31 00:00:00,5.68
1923,2008-02-07 00:00:00,5.67
1924,2008-02-14 00:00:00,5.72
1925,2008-02-21 00:00:00,6.04
1926,2008-02-28 00:00:00,6.24
1927,2008-03-06 00:00:00,6.03
1928,2008-03-13 00:00:00,6.13
1929,2008-03-20 00:00:00,5.87
1930,2008-03-27 00:00:00,5.85
1931,2008-04-03 00:00:00,5.88
1932,2008-04-10 00:00:00,5.88
1933,2008-04-17 00:00:00,5.88
1934,2008-04-24 00:00:00,6.03
1935,2008-05-01 00:00:00,6.06
1936,2008-05-08 00:00:00,6.05
1937,2008-05-15 00:00:00,6.01
1938,2008-05-22 00:00:00,5.98
1939,2008-05-29 00:00:00,6.08
1940,2008-06-05 00:00:00,6.09
1941,2008-06-12 00:00:00,6.32
1942,2008-06-19 00:00:00,6.42
1943,2008-06-26 00:00:00,6.45
1944,2008-07-03 00:00:00,6.35
1945,2008-07-10 00:00:00,6.37
1946,2008-07-17 00:00:00,6.26
1947,2008-07-24 00:00:00,6.63
1948,2008-07-31 00:00:00,6.52
1949,2008-08-07 00:00:00,6.52
1950,2008-08-14 00:00:00,6.52
1951,2008-08-21 00:00:00,6.47
1952,2008-08-28 00:00:00,6.4
1953,2008-09-04 00:00:00,6.35
1954,2008-09-11 00:00:00,5.93
1955,2008-09-18 00:00:00,5.78
1956,2008-09-25 00:00:00,6.09
1957,2008-10-02 00:00:00,6.1
1958,2008-10-09 00:00:00,5.94
1959,2008-10-16 00:00:00,6.46
1960,2008-10-23 00:00:00,6.04
1961,2008-10-30 00:00:00,6.46
1962,2008-11-06 00:00:00,6.2
1963,2008-11-13 00:00:00,6.14
1964,2008-11-20 00:00:00,6.04
1965,2008-11-26 00:00:00,5.97
1966,2008-12-04 00:00:00,5.53
1967,2008-12-11 00:00:00,5.47
1968,2008-12-18 00:00:00,5.19
1969,2008-12-24 00:00:00,5.14
1970,2008-12-31 00:00:00,5.1
1971,2009-01-08 00:00:00,5.01
1972,2009-01-15 00:00:00,4.96
1973,2009-01-22 00:00:00,5.12
1974,2009-01-29 00:00:00,5.1
1975,2009-02-05 00:00:00,5.25
1976,2009-02-12 00:00:00,5.16
1977,2009-02-19 00:00:00,5.04
1978,2009-02-26 00:00:00,5.07
1979,2009-03-05 00:00:00,5.15
1980,2009-03-12 00:00:00,5.03
1981,2009-03-19 00:00:00,4.98
1982,2009-03-26 00:00:00,4.85
1983,2009-04-02 00:00:00,4.78
1984,2009-04-09 00:00:00,4.87
1985,2009-04-16 00:00:00,4.82
1986,2009-04-23 00:00:00,4.8
1987,2009-04-30 00:00:00,4.78
1988,2009-05-07 00:00:00,4.84
1989,2009-05-14 00:00:00,4.86
1990,2009-05-21 00:00:00,4.82
1991,2009-05-28 00:00:00,4.91
1992,2009-06-04 00:00:00,5.29
1993,2009-06-11 00:00:00,5.59
1994,2009-06-18 00:00:00,5.38
1995,2009-06-25 00:00:00,5.42
1996,2009-07-02 00:00:00,5.32
1997,2009-07-09 00:00:00,5.2
1998,2009-07-16 00:00:00,5.14
1999,2009-07-23 00:00:00,5.2
2000,2009-07-30 00:00:00,5.25
2001,2009-08-06 00:00:00,5.22
2002,2009-08-13 00:00:00,5.29
2003,2009-08-20 00:00:00,5.12
2004,2009-08-27 00:00:00,5.14
2005,2009-09-03 00:00:00,5.08
2006,2009-09-10 00:00:00,5.07
2007,2009-09-17 00:00:00,5.04
2008,2009-09-24 00:00:00,5.04
2009,2009-10-01 00:00:00,4.94
2010,2009-10-08 00:00:00,4.87
2011,2009-10-15 00:00:00,4.92
2012,2009-10-22 00:00:00,5.0
2013,2009-10-29 00:00:00,5.03
2014,2009-11-05 00:00:00,4.98
2015,2009-11-12 00:00:00,4.91
2016,2009-11-19 00:00:00,4.83
2017,2009-11-25 00:00:00,4.78
2018,2009-12-03 00:00:00,4.71
2019,2009-12-10 00:00:00,4.81
2020,2009-12-17 00:00:00,4.94
2021,2009-12-24 00:00:00,5.05
2022,2009-12-31 00:00:00,5.14
2023,2010-01-07 00:00:00,5.09
2024,2010-01-14 00:00:00,5.06
2025,2010-01-21 00:00:00,4.99
2026,2010-01-28 00:00:00,4.98
2027,2010-02-04 00:00:00,5.01
2028,2010-02-11 00:00:00,4.97
2029,2010-02-18 00:00:00,4.93
2030,2010-02-25 00:00:00,5.05
2031,2010-03-04 00:00:00,4.97
2032,2010-03-11 00:00:00,4.95
2033,2010-03-18 00:00:00,4.96
2034,2010-03-25 00:00:00,4.99
2035,2010-04-01 00:00:00,5.08
2036,2010-04-08 00:00:00,5.21
2037,2010-04-15 00:00:00,5.07
2038,2010-04-22 00:00:00,5.07
2039,2010-04-29 00:00:00,5.06
2040,2010-05-06 00:00:00,5.0
2041,2010-05-13 00:00:00,4.93
2042,2010-05-20 00:00:00,4.84
2043,2010-05-27 00:00:00,4.78
2044,2010-06-03 00:00:00,4.79
2045,2010-06-10 00:00:00,4.72
2046,2010-06-17 00:00:00,4.75
2047,2010-06-24 00:00:00,4.69
2048,2010-07-01 00:00:00,4.58
2049,2010-07-08 00:00:00,4.57
2050,2010-07-15 00:00:00,4.57
2051,2010-07-22 00:00:00,4.56
2052,2010-07-29 00:00:00,4.54
2053,2010-08-05 00:00:00,4.49
2054,2010-08-12 00:00:00,4.44
2055,2010-08-19 00:00:00,4.42
2056,2010-08-26 00:00:00,4.36
2057,2010-09-02 00:00:00,4.32
2058,2010-09-09 00:00:00,4.35
2059,2010-09-16 00:00:00,4.37
2060,2010-09-23 00:00:00,4.37
2061,2010-09-30 00:00:00,4.32
2062,2010-10-07 00:00:00,4.27
2063,2010-10-14 00:00:00,4.19
2064,2010-10-21 00:00:00,4.21
2065,2010-10-28 00:00:00,4.23
2066,2010-11-04 00:00:00,4.24
2067,2010-11-11 00:00:00,4.17
2068,2010-11-18 00:00:00,4.39
2069,2010-11-24 00:00:00,4.4
2070,2010-12-02 00:00:00,4.46
2071,2010-12-09 00:00:00,4.61
2072,2010-12-16 00:00:00,4.83
2073,2010-12-23 00:00:00,4.81
2074,2010-12-30 00:00:00,4.86
2075,2011-01-06 00:00:00,4.77
2076,2011-01-13 00:00:00,4.71
2077,2011-01-20 00:00:00,4.74
2078,2011-01-27 00:00:00,4.8
2079,2011-02-03 00:00:00,4.81
2080,2011-02-10 00:00:00,5.05
2081,2011-02-17 00:00:00,5.0
2082,2011-02-24 00:00:00,4.95
2083,2011-03-03 00:00:00,4.87
2084,2011-03-10 00:00:00,4.88
2085,2011-03-17 00:00:00,4.76
2086,2011-03-24 00:00:00,4.81
2087,2011-03-31 00:00:00,4.86
2088,2011-04-07 00:00:00,4.87
2089,2011-04-14 00:00:00,4.91
2090,2011-04-21 00:00:00,4.8
2091,2011-04-28 00:00:00,4.78
2092,2011-05-05 00:00:00,4.71
2093,2011-05-12 00:00:00,4.63
2094,2011-05-19 00:00:00,4.61
2095,2011-05-26 00:00:00,4.6
2096,2011-06-02 00:00:00,4.55
2097,2011-06-09 00:00:00,4.49
2098,2011-06-16 00:00:00,4.5
2099,2011-06-23 00:00:00,4.5
2100,2011-06-30 00:00:00,4.51
2101,2011-07-07 00:00:00,4.6
2102,2011-07-14 00:00:00,4.51
2103,2011-07-21 00:00:00,4.52
2104,2011-07-28 00:00:00,4.55
2105,2011-08-04 00:00:00,4.39
2106,2011-08-11 00:00:00,4.32
2107,2011-08-18 00:00:00,4.15
2108,2011-08-25 00:00:00,4.22
2109,2011-09-01 00:00:00,4.22
2110,2011-09-08 00:00:00,4.12
2111,2011-09-15 00:00:00,4.09
2112,2011-09-22 00:00:00,4.09
2113,2011-09-29 00:00:00,4.01
2114,2011-10-06 00:00:00,3.94
2115,2011-10-13 00:00:00,4.12
2116,2011-10-20 00:00:00,4.11
2117,2011-10-27 00:00:00,4.1
2118,2011-11-03 00:00:00,4.0
2119,2011-11-10 00:00:00,3.99
2120,2011-11-17 00:00:00,4.0
2121,2011-11-23 00:00:00,3.98
2122,2011-12-01 00:00:00,4.0
2123,2011-12-08 00:00:00,3.99
2124,2011-12-15 00:00:00,3.94
2125,2011-12-22 00:00:00,3.91
2126,2011-12-29 00:00:00,3.95
2127,2012-01-05 00:00:00,3.91
2128,2012-01-12 00:00:00,3.89
2129,2012-01-19 00:00:00,3.88
2130,2012-01-26 00:00:00,3.98
2131,2012-02-02 00:00:00,3.87
2132,2012-02-09 00:00:00,3.87
2133,2012-02-16 00:00:00,3.87
2134,2012-02-23 00:00:00,3.95
2135,2012-03-01 00:00:00,3.9
2136,2012-03-08 00:00:00,3.88
2137,2012-03-15 00:00:00,3.92
2138,2012-03-22 00:00:00,4.08
2139,2012-03-29 00:00:00,3.99
2140,2012-04-05 00:00:00,3.98
2141,2012-04-12 00:00:00,3.88
2142,2012-04-19 00:00:00,3.9
2143,2012-04-26 00:00:00,3.88
2144,2012-05-03 00:00:00,3.84
2145,2012-05-10 00:00:00,3.83
2146,2012-05-17 00:00:00,3.79
2147,2012-05-24 00:00:00,3.78
2148,2012-05-31 00:00:00,3.75
2149,2012-06-07 00:00:00,3.67
2150,2012-06-14 00:00:00,3.71
2151,2012-06-21 00:00:00,3.66
2152,2012-06-28 00:00:00,3.66
2153,2012-07-05 00:00:00,3.62
2154,2012-07-12 00:00:00,3.56
2155,2012-07-19 00:00:00,3.53
2156,2012-07-26 00:00:00,3.49
2157,2012-08-02 00:00:00,3.55
2158,2012-08-09 00:00:00,3.59
2159,2012-08-16 00:00:00,3.62
2160,2012-08-23 00:00:00,3.66
2161,2012-08-30 00:00:00,3.59
2162,2012-09-06 00:00:00,3.55
2163,2012-09-13 00:00:00,3.55
2164,2012-09-20 00:00:00,3.49
2165,2012-09-27 00:00:00,3.4
2166,2012-10-04 00:00:00,3.36
2167,2012-10-11 00:00:00,3.39
2168,2012-10-18 00:00:00,3.37
2169,2012-10-25 00:00:00,3.41
2170,2012-11-01 00:00:00,3.39
2171,2012-11-08 00:00:00,3.4
2172,2012-11-15 00:00:00,3.34
2173,2012-11-21 00:00:00,3.31
2174,2012-11-29 00:00:00,3.32
2175,2012-12-06 00:00:00,3.34
2176,2012-12-13 00:00:00,3.32
2177,2012-12-20 00:00:00,3.37
2178,2012-12-27 00:00:00,3.35
2179,2013-01-03 00:00:00,3.34
2180,2013-01-10 00:00:00,3.4
2181,2013-01-17 00:00:00,3.38
2182,2013-01-24 00:00:00,3.42
2183,2013-01-31 00:00:00,3.53
2184,2013-02-07 00:00:00,3.53
2185,2013-02-14 00:00:00,3.53
2186,2013-02-21 00:00:00,3.56
2187,2013-02-28 00:00:00,3.51
2188,2013-03-07 00:00:00,3.52
2189,2013-03-14 00:00:00,3.63
2190,2013-03-21 00:00:00,3.54
2191,2013-03-28 00:00:00,3.57
2192,2013-04-04 00:00:00,3.54
2193,2013-04-11 00:00:00,3.43
2194,2013-04-18 00:00:00,3.41
2195,2013-04-25 00:00:00,3.4
2196,2013-05-02 00:00:00,3.35
2197,2013-05-09 00:00:00,3.42
2198,2013-05-16 00:00:00,3.51
2199,2013-05-23 00:00:00,3.59
2200,2013-05-30 00:00:00,3.81
2201,2013-06-06 00:00:00,3.91
2202,2013-06-13 00:00:00,3.98
2203,2013-06-20 00:00:00,3.93
2204,2013-06-27 00:00:00,4.46
2205,2013-07-03 00:00:00,4.29
2206,2013-07-11 00:00:00,4.51
2207,2013-07-18 00:00:00,4.37
2208,2013-07-25 00:00:00,4.31
2209,2013-08-01 00:00:00,4.39
2210,2013-08-08 00:00:00,4.4
2211,2013-08-15 00:00:00,4.4
2212,2013-08-22 00:00:00,4.58
2213,2013-08-29 00:00:00,4.51
2214,2013-09-05 00:00:00,4.57
2215,2013-09-12 00:00:00,4.57
2216,2013-09-19 00:00:00,4.5
2217,2013-09-26 00:00:00,4.32
2218,2013-10-03 00:00:00,4.22
2219,2013-10-10 00:00:00,4.23
2220,2013-10-17 00:00:00,4.28
2221,2013-10-24 00:00:00,4.13
2222,2013-10-31 00:00:00,4.1
2223,2013-11-07 00:00:00,4.16
2224,2013-11-14 00:00:00,4.35
2225,2013-11-21 00:00:00,4.22
2226,2013-11-27 00:00:00,4.29
2227,2013-12-05 00:00:00,4.46
2228,2013-12-12 00:00:00,4.42
2229,2013-12-19 00:00:00,4.47
2230,2013-12-26 00:00:00,4.48
2231,2014-01-02 00:00:00,4.53
2232,2014-01-09 00:00:00,4.51
2233,2014-01-16 00:00:00,4.41
2234,2014-01-23 00:00:00,4.39
2235,2014-01-30 00:00:00,4.32
2236,2014-02-06 00:00:00,4.23
2237,2014-02-13 00:00:00,4.28
2238,2014-02-20 00:00:00,4.33
2239,2014-02-27 00:00:00,4.37
2240,2014-03-06 00:00:00,4.28
2241,2014-03-13 00:00:00,4.37
2242,2014-03-20 00:00:00,4.32
2243,2014-03-27 00:00:00,4.4
2244,2014-04-03 00:00:00,4.41
2245,2014-04-10 00:00:00,4.34
2246,2014-04-17 00:00:00,4.27
2247,2014-04-24 00:00:00,4.33
2248,2014-05-01 00:00:00,4.29
2249,2014-05-08 00:00:00,4.21
2250,2014-05-15 00:00:00,4.2
2251,2014-05-22 00:00:00,4.14
2252,2014-05-29 00:00:00,4.12
2253,2014-06-05 00:00:00,4.14
2254,2014-06-12 00:00:00,4.2
2255,2014-06-19 00:00:00,4.17
2256,2014-06-26 00:00:00,4.14
2257,2014-07-03 00:00:00,4.12
2258,2014-07-10 00:00:00,4.15
2259,2014-07-17 00:00:00,4.13
2260,2014-07-24 00:00:00,4.13
2261,2014-07-31 00:00:00,4.12
2262,2014-08-07 00:00:00,4.14
2263,2014-08-14 00:00:00,4.12
2264,2014-08-21 00:00:00,4.1
2265,2014-08-28 00:00:00,4.1
2266,2014-09-04 00:00:00,4.1
2267,2014-09-11 00:00:00,4.12
2268,2014-09-18 00:00:00,4.23
2269,2014-09-25 00:00:00,4.2
2270,2014-10-02 00:00:00,4.19
2271,2014-10-09 00:00:00,4.12
2272,2014-10-16 00:00:00,3.97
2273,2014-10-23 00:00:00,3.92
2274,2014-10-30 00:00:00,3.98
2275,2014-11-06 00:00:00,4.02
2276,2014-11-13 00:00:00,4.01
2277,2014-11-20 00:00:00,3.99
2278,2014-11-26 00:00:00,3.97
2279,2014-12-04 00:00:00,3.89
2280,2014-12-11 00:00:00,3.93
2281,2014-12-18 00:00:00,3.8
2282,2014-12-24 00:00:00,3.83
2283,2014-12-31 00:00:00,3.87
2284,2015-01-08 00:00:00,3.73
2285,2015-01-15 00:00:00,3.66
2286,2015-01-22 00:00:00,3.63
2287,2015-01-29 00:00:00,3.66
2288,2015-02-05 00:00:00,3.59
2289,2015-02-12 00:00:00,3.69
2290,2015-02-19 00:00:00,3.76
2291,2015-02-26 00:00:00,3.8
2292,2015-03-05 00:00:00,3.75
2293,2015-03-12 00:00:00,3.86
2294,2015-03-19 00:00:00,3.78
2295,2015-03-26 00:00:00,3.69
2296,2015-04-02 00:00:00,3.7
2297,2015-04-09 00:00:00,3.66
2298,2015-04-16 00:00:00,3.67
2299,2015-04-23 00:00:00,3.65
2300,2015-04-30 00:00:00,3.68
2301,2015-05-07 00:00:00,3.8
2302,2015-05-14 00:00:00,3.85
2303,2015-05-21 00:00:00,3.84
2304,2015-05-28 00:00:00,3.87
2305,2015-06-04 00:00:00,3.87
2306,2015-06-11 00:00:00,4.04
2307,2015-06-18 00:00:00,4.0
2308,2015-06-25 00:00:00,4.02
2309,2015-07-02 00:00:00,4.08
2310,2015-07-09 00:00:00,4.04
2311,2015-07-16 00:00:00,4.09
2312,2015-07-23 00:00:00,4.04
2313,2015-07-30 00:00:00,3.98
2314,2015-08-06 00:00:00,3.91
2315,2015-08-13 00:00:00,3.94
2316,2015-08-20 00:00:00,3.93
2317,2015-08-27 00:00:00,3.84
2318,2015-09-03 00:00:00,3.89
2319,2015-09-10 00:00:00,3.9
2320,2015-09-17 00:00:00,3.91
2321,2015-09-24 00:00:00,3.86
2322,2015-10-01 00:00:00,3.85
2323,2015-10-08 00:00:00,3.76
2324,2015-10-15 00:00:00,3.82
2325,2015-10-22 00:00:00,3.79
2326,2015-10-29 00:00:00,3.76
2327,2015-11-05 00:00:00,3.87
2328,2015-11-12 00:00:00,3.98
2329,2015-11-19 00:00:00,3.97
2330,2015-11-25 00:00:00,3.95
2331,2015-12-03 00:00:00,3.93
2332,2015-12-10 00:00:00,3.95
2333,2015-12-17 00:00:00,3.97
2334,2015-12-24 00:00:00,3.96
2335,2015-12-31 00:00:00,4.01
2336,2016-01-07 00:00:00,3.97
2337,2016-01-14 00:00:00,3.92
2338,2016-01-21 00:00:00,3.81
2339,2016-01-28 00:00:00,3.79
2340,2016-02-04 00:00:00,3.72
2341,2016-02-11 00:00:00,3.65
2342,2016-02-18 00:00:00,3.65
2343,2016-02-25 00:00:00,3.62
2344,2016-03-03 00:00:00,3.64
2345,2016-03-10 00:00:00,3.68
2346,2016-03-17 00:00:00,3.73
2347,2016-03-24 00:00:00,3.71
2348,2016-03-31 00:00:00,3.71
2349,2016-04-07 00:00:00,3.59
2350,2016-04-14 00:00:00,3.58
2351,2016-04-21 00:00:00,3.59
2352,2016-04-28 00:00:00,3.66
2353,2016-05-05 00:00:00,3.61
2354,2016-05-12 00:00:00,3.57
2355,2016-05-19 00:00:00,3.58
2356,2016-05-26 00:00:00,3.64
2357,2016-06-02 00:00:00,3.66
2358,2016-06-09 00:00:00,3.6
2359,2016-06-16 00:00:00,3.54
2360,2016-06-23 00:00:00,3.56
2361,2016-06-30 00:00:00,3.48
2362,2016-07-07 00:00:00,3.41
2363,2016-07-14 00:00:00,3.42
2364,2016-07-21 00:00:00,3.45
2365,2016-07-28 00:00:00,3.48
2366,2016-08-04 00:00:00,3.43
2367,2016-08-11 00:00:00,3.45
2368,2016-08-18 00:00:00,3.43
2369,2016-08-25 00:00:00,3.43
2370,2016-09-01 00:00:00,3.46
2371,2016-09-08 00:00:00,3.44
2372,2016-09-15 00:00:00,3.5
2373,2016-09-22 00:00:00,3.48
2374,2016-09-29 00:00:00,3.42
2375,2016-10-06 00:00:00,3.42
2376,2016-10-13 00:00:00,3.47
2377,2016-10-20 00:00:00,3.52
2378,2016-10-27 00:00:00,3.47
2379,2016-11-03 00:00:00,3.54
2380,2016-11-10 00:00:00,3.57
2381,2016-11-17 00:00:00,3.94
2382,2016-11-23 00:00:00,4.03
2383,2016-12-01 00:00:00,4.08
2384,2016-12-08 00:00:00,4.13
2385,2016-12-15 00:00:00,4.16
2386,2016-12-22 00:00:00,4.3
2387,2016-12-29 00:00:00,4.32
2388,2017-01-05 00:00:00,4.2
2389,2017-01-12 00:00:00,4.12
2390,2017-01-19 00:00:00,4.09
2391,2017-01-26 00:00:00,4.19
2392,2017-02-02 00:00:00,4.19
2393,2017-02-09 00:00:00,4.17
2394,2017-02-16 00:00:00,4.15
2395,2017-02-23 00:00:00,4.16
2396,2017-03-02 00:00:00,4.1
2397,2017-03-09 00:00:00,4.21
2398,2017-03-16 00:00:00,4.3
2399,2017-03-23 00:00:00,4.23
2400,2017-03-30 00:00:00,4.14
2401,2017-04-06 00:00:00,4.1
2402,2017-04-13 00:00:00,4.08
2403,2017-04-20 00:00:00,3.97
2404,2017-04-27 00:00:00,4.03
2405,2017-05-04 00:00:00,4.02
2406,2017-05-11 00:00:00,4.05
2407,2017-05-18 00:00:00,4.02
2408,2017-05-25 00:00:00,3.95
2409,2017-06-01 00:00:00,3.94
2410,2017-06-08 00:00:00,3.89
2411,2017-06-15 00:00:00,3.91
2412,2017-06-22 00:00:00,3.9
2413,2017-06-29 00:00:00,3.88
2414,2017-07-06 00:00:00,3.96
2415,2017-07-13 00:00:00,4.03
2416,2017-07-20 00:00:00,3.96
2417,2017-07-27 00:00:00,3.92
2418,2017-08-03 00:00:00,3.93
2419,2017-08-10 00:00:00,3.9
2420,2017-08-17 00:00:00,3.89
2421,2017-08-24 00:00:00,3.86
2422,2017-08-31 00:00:00,3.82
2423,2017-09-07 00:00:00,3.78
2424,2017-09-14 00:00:00,3.78
2425,2017-09-21 00:00:00,3.83
2426,2017-09-28 00:00:00,3.83
2427,2017-10-05 00:00:00,3.85
2428,2017-10-12 00:00:00,3.91
2429,2017-10-19 00:00:00,3.88
2430,2017-10-26 00:00:00,3.94
2431,2017-11-02 00:00:00,3.94
2432,2017-11-09 00:00:00,3.9
2433,2017-11-16 00:00:00,3.95
2434,2017-11-22 00:00:00,3.92
2435,2017-11-30 00:00:00,3.9
2436,2017-12-07 00:00:00,3.94
2437,2017-12-14 00:00:00,3.93
2438,2017-12-21 00:00:00,3.94
2439,2017-12-28 00:00:00,3.99
2440,2018-01-04 00:00:00,3.95
2441,2018-01-11 00:00:00,3.99
2442,2018-01-18 00:00:00,4.04
2443,2018-01-25 00:00:00,4.15
2444,2018-02-01 00:00:00,4.22
2445,2018-02-08 00:00:00,4.32
2446,2018-02-15 00:00:00,4.38
2447,2018-02-22 00:00:00,4.4
2448,2018-03-01 00:00:00,4.43
2449,2018-03-08 00:00:00,4.46
2450,2018-03-15 00:00:00,4.44
2451,2018-03-22 00:00:00,4.45
2452,2018-03-29 00:00:00,4.44
2453,2018-04-05 00:00:00,4.4
2454,2018-04-12 00:00:00,4.42
2455,2018-04-19 00:00:00,4.47
2456,2018-04-26 00:00:00,4.58
2457,2018-05-03 00:00:00,4.55
2458,2018-05-10 00:00:00,4.55
2459,2018-05-17 00:00:00,4.61
2460,2018-05-24 00:00:00,4.66
2461,2018-05-31 00:00:00,4.56
2462,2018-06-07 00:00:00,4.54
2463,2018-06-14 00:00:00,4.62
2464,2018-06-21 00:00:00,4.57
2465,2018-06-28 00:00:00,4.55
2466,2018-07-05 00:00:00,4.52
2467,2018-07-12 00:00:00,4.53
2468,2018-07-19 00:00:00,4.52
2469,2018-07-26 00:00:00,4.54
2470,2018-08-02 00:00:00,4.6
2471,2018-08-09 00:00:00,4.59
2472,2018-08-16 00:00:00,4.53
2473,2018-08-23 00:00:00,4.51
2474,2018-08-30 00:00:00,4.52
2475,2018-09-06 00:00:00,4.54
2476,2018-09-13 00:00:00,4.6
2477,2018-09-20 00:00:00,4.65
2478,2018-09-27 00:00:00,4.72
2479,2018-10-04 00:00:00,4.71
2480,2018-10-11 00:00:00,4.9
2481,2018-10-18 00:00:00,4.85
2482,2018-10-25 00:00:00,4.86
2483,2018-11-01 00:00:00,4.83
2484,2018-11-08 00:00:00,4.94
2485,2018-11-15 00:00:00,4.94
2486,2018-11-21 00:00:00,4.81
2487,2018-11-29 00:00:00,4.81
2488,2018-12-06 00:00:00,4.75
2489,2018-12-13 00:00:00,4.63
2490,2018-12-20 00:00:00,4.62
2491,2018-12-27 00:00:00,4.55
2492,2019-01-03 00:00:00,4.51
2493,2019-01-10 00:00:00,4.45
2494,2019-01-17 00:00:00,4.45
2495,2019-01-24 00:00:00,4.45
2496,2019-01-31 00:00:00,4.46
2497,2019-02-07 00:00:00,4.41
2498,2019-02-14 00:00:00,4.37
2499,2019-02-21 00:00:00,4.35
2500,2019-02-28 00:00:00,4.35
2501,2019-03-07 00:00:00,4.41
2502,2019-03-14 00:00:00,4.31
2503,2019-03-21 00:00:00,4.28
2504,2019-03-28 00:00:00,4.06
2505,2019-04-04 00:00:00,4.08
2506,2019-04-11 00:00:00,4.12
2507,2019-04-18 00:00:00,4.17
2508,2019-04-25 00:00:00,4.2
2509,2019-05-02 00:00:00,4.14
2510,2019-05-09 00:00:00,4.1
2511,2019-05-16 00:00:00,4.07
2512,2019-05-23 00:00:00,4.06
2513,2019-05-30 00:00:00,3.99
2514,2019-06-06 00:00:00,3.82
2515,2019-06-13 00:00:00,3.82
2516,2019-06-20 00:00:00,3.84
2517,2019-06-27 00:00:00,3.73
2518,2019-07-03 00:00:00,3.75
2519,2019-07-11 00:00:00,3.75
2520,2019-07-18 00:00:00,3.81
2521,2019-07-25 00:00:00,3.75
2522,2019-08-01 00:00:00,3.75
2523,2019-08-08 00:00:00,3.6
2524,2019-08-15 00:00:00,3.6
2525,2019-08-22 00:00:00,3.55
2526,2019-08-29 00:00:00,3.58
2527,2019-09-05 00:00:00,3.49
2528,2019-09-12 00:00:00,3.56
2529,2019-09-19 00:00:00,3.73
2530,2019-09-26 00:00:00,3.64
2531,2019-10-03 00:00:00,3.65
2532,2019-10-10 00:00:00,3.57
2533,2019-10-17 00:00:00,3.69
2534,2019-10-24 00:00:00,3.75
2535,2019-10-31 00:00:00,3.78
2536,2019-11-07 00:00:00,3.69
2537,2019-11-14 00:00:00,3.75
2538,2019-11-21 00:00:00,3.66
2539,2019-11-27 00:00:00,3.68
2540,2019-12-05 00:00:00,3.68
2541,2019-12-12 00:00:00,3.73
2542,2019-12-19 00:00:00,3.73
2543,2019-12-26 00:00:00,3.74
2544,2020-01-02 00:00:00,3.72
2545,2020-01-09 00:00:00,3.64
2546,2020-01-16 00:00:00,3.65
2547,2020-01-23 00:00:00,3.6
2548,2020-01-30 00:00:00,3.51
2549,2020-02-06 00:00:00,3.45
2550,2020-02-13 00:00:00,3.47
2551,2020-02-20 00:00:00,3.49
2552,2020-02-27 00:00:00,3.45
2553,2020-03-05 00:00:00,3.29
2554,2020-03-12 00:00:00,3.36
2555,2020-03-19 00:00:00,3.65
2556,2020-03-26 00:00:00,3.5
2557,2020-04-02 00:00:00,3.33
2558,2020-04-09 00:00:00,3.33
2559,2020-04-16 00:00:00,3.31
2560,2020-04-23 00:00:00,3.33
2561,2020-04-30 00:00:00,3.23
2562,2020-05-07 00:00:00,3.26
2563,2020-05-14 00:00:00,3.28
2564,2020-05-21 00:00:00,3.24
2565,2020-05-28 00:00:00,3.15
2566,2020-06-04 00:00:00,3.18
2567,2020-06-11 00:00:00,3.21
2568,2020-06-18 00:00:00,3.13
2569,2020-06-25 00:00:00,3.13
2570,2020-07-02 00:00:00,3.07
2571,2020-07-09 00:00:00,3.03
2572,2020-07-16 00:00:00,2.98
2573,2020-07-23 00:00:00,3.01
2574,2020-07-30 00:00:00,2.99
2575,2020-08-06 00:00:00,2.88
2576,2020-08-13 00:00:00,2.96
2577,2020-08-20 00:00:00,2.99
2578,2020-08-27 00:00:00,2.91
2579,2020-09-03 00:00:00,2.93
2580,2020-09-10 00:00:00,2.86
2581,2020-09-17 00:00:00,2.87
2582,2020-09-24 00:00:00,2.9
2583,2020-10-01 00:00:00,2.88
2584,2020-10-08 00:00:00,2.87
2585,2020-10-15 00:00:00,2.81
2586,2020-10-22 00:00:00,2.8
2587,2020-10-29 00:00:00,2.81
2588,2020-11-05 00:00:00,2.78
2589,2020-11-12 00:00:00,2.84
2590,2020-11-19 00:00:00,2.72
2591,2020-11-25 00:00:00,2.72
2592,2020-12-03 00:00:00,2.71
2593,2020-12-10 00:00:00,2.71
2594,2020-12-17 00:00:00,2.67
2595,2020-12-24 00:00:00,2.66
2596,2020-12-31 00:00:00,2.67
2597,2021-01-07 00:00:00,2.65
2598,2021-01-14 00:00:00,2.79
2599,2021-01-21 00:00:00,2.77
2600,2021-01-28 00:00:00,2.73
2601,2021-02-04 00:00:00,2.73
2602,2021-02-11 00:00:00,2.73
2603,2021-02-18 00:00:00,2.81
2604,2021-02-25 00:00:00,2.97
2605,2021-03-04 00:00:00,3.02
2606,2021-03-11 00:00:00,3.05
2607,2021-03-18 00:00:00,3.09
2608,2021-03-25 00:00:00,3.17
2609,2021-04-01 00:00:00,3.18
2610,2021-04-08 00:00:00,3.13
2611,2021-04-15 00:00:00,3.04
2612,2021-04-22 00:00:00,2.97
2613,2021-04-29 00:00:00,2.98
2614,2021-05-06 00:00:00,2.96
2615,2021-05-13 00:00:00,2.94
2616,2021-05-20 00:00:00,3.0
2617,2021-05-27 00:00:00,2.95
2618,2021-06-03 00:00:00,2.99
2619,2021-06-10 00:00:00,2.96
2620,2021-06-17 00:00:00,2.93
2621,2021-06-24 00:00:00,3.02
2622,2021-07-01 00:00:00,2.98
2623,2021-07-08 00:00:00,2.9
2624,2021-07-15 00:00:00,2.88
2625,2021-07-22 00:00:00,2.78
2626,2021-07-29 00:00:00,2.8
2627,2021-08-05 00:00:00,2.77
2628,2021-08-12 00:00:00,2.87
2629,2021-08-19 00:00:00,2.86
2630,2021-08-26 00:00:00,2.87
2631,2021-09-02 00:00:00,2.87
2632,2021-09-09 00:00:00,2.88
2633,2021-09-16 00:00:00,2.86
2634,2021-09-23 00:00:00,2.88
2635,2021-09-30 00:00:00,3.01
2636,2021-10-07 00:00:00,2.99
2637,2021-10-14 00:00:00,3.05
2638,2021-10-21 00:00:00,3.09
2639,2021-10-28 00:00:00,3.14
2640,2021-11-04 00:00:00,3.09
2641,2021-11-10 00:00:00,2.98
2642,2021-11-18 00:00:00,3.1
2643,2021-11-24 00:00:00,3.1
2644,2021-12-02 00:00:00,3.11
2645,2021-12-09 00:00:00,3.1
2646,2021-12-16 00:00:00,3.12
2647,2021-12-23 00:00:00,3.05
2648,2021-12-30 00:00:00,3.11
2649,2022-01-06 00:00:00,3.22
2650,2022-01-13 00:00:00,3.45
2651,2022-01-20 00:00:00,3.56
2652,2022-01-27 00:00:00,3.55
2653,2022-02-03 00:00:00,3.55
2654,2022-02-10 00:00:00,3.69
2655,2022-02-17 00:00:00,3.92
2656,2022-02-24 00:00:00,3.89
2657,2022-03-03 00:00:00,3.76
2658,2022-03-10 00:00:00,3.85
2659,2022-03-17 00:00:00,4.16
2660,2022-03-24 00:00:00,4.42
2661,2022-03-31 00:00:00,4.67
2662,2022-04-07 00:00:00,4.72
2663,2022-04-14 00:00:00,5.0
2664,2022-04-21 00:00:00,5.11
2665,2022-04-28 00:00:00,5.1
2666,2022-05-05 00:00:00,5.27
2667,2022-05-12 00:00:00,5.3
2668,2022-05-19 00:00:00,5.25
2669,2022-05-26 00:00:00,5.1
2670,2022-06-02 00:00:00,5.09
2671,2022-06-09 00:00:00,5.23
2672,2022-06-16 00:00:00,5.78
2673,2022-06-23 00:00:00,5.81
2674,2022-06-30 00:00:00,5.7
2675,2022-07-07 00:00:00,5.3
2676,2022-07-14 00:00:00,5.51
2677,2022-07-21 00:00:00,5.54
2678,2022-07-28 00:00:00,5.3
2679,2022-08-04 00:00:00,4.99
2680,2022-08-11 00:00:00,5.22
2681,2022-08-18 00:00:00,5.13
2682,2022-08-25 00:00:00,5.55
2683,2022-09-01 00:00:00,5.66
2684,2022-09-08 00:00:00,5.89
2685,2022-09-15 00:00:00,6.02
2686,2022-09-22 00:00:00,6.29
2687,2022-09-29 00:00:00,6.7
2688,2022-10-06 00:00:00,6.66
2689,2022-10-13 00:00:00,6.92
2690,2022-10-20 00:00:00,6.94
2691,2022-10-27 00:00:00,7.08
2692,2022-11-03 00:00:00,6.95
2693,2022-11-10 00:00:00,7.08
2694,2022-11-17 00:00:00,6.61
2695,2022-11-23 00:00:00,6.58
2696,2022-12-01 00:00:00,6.49
2697,2022-12-08 00:00:00,6.33
2698,2022-12-15 00:00:00,6.31
2699,2022-12-22 00:00:00,6.27
2700,2022-12-29 00:00:00,6.42
2701,2023-01-05 00:00:00,6.48
2702,2023-01-12 00:00:00,6.33
2703,2023-01-19 00:00:00,6.15
2704,2023-01-26 00:00:00,6.13
2705,2023-02-02 00:00:00,6.09
2706,2023-02-09 00:00:00,6.12
2707,2023-02-16 00:00:00,6.32
